Question Number,Question Text,Option A,Option B,Option C,Option D,Correct Answer,User Answer,Result,Feedback
1,"Midway through development, a compliance officer reminds the Agile project manager that the project must meet strict data privacy regulations by launch. The team hasn't yet addressed these requirements and is planning to implement them all at the end of development. What should the Agile project manager do?","Add a final compliance sprint at the end of the release schedule to handle all regulatory tasks","Ask the compliance officer to submit a change request for review during the next planning cycle","Track compliance risks separately and monitor them until development is complete","Work with the product owner to integrate regulatory compliance work into the product backlog and deliver it incrementally",D,D,1/1,"Work with the product owner to integrate regulatory compliance work into the product backlog and deliver it incrementally."
2,"An Agile team is preparing for the next release planning session. A senior developer points out that a key third-party integration may not be available on time and could cause downstream delays. The feature relying on this integration is highly visible and central to customer satisfaction. What should the Agile project manager do?","Reassign the developer to focus on less risky stories until the integration is resolved","Identify the integration delay as a risk, assess its impact, and plan mitigation strategies during release planning","Remove the feature from the upcoming release and replace it with a lower-risk enhancement","Escalate the concern to the executive sponsor and request direction before moving forward",B,A,0/1,"Identify the integration delay as a risk, assess its impact, and plan mitigation strategies during release planning."
3,"While managing a distributed Agile team, a project manager observes delays in feedback loops and a growing misalignment between stakeholder expectations and project outcomes. Several stakeholders are missing meetings, and team members are unsure whether their updates are being seen or understood. What should the project manager implement to strengthen ongoing stakeholder communication and visibility?","Increase the number of formal stakeholder status reports and require acknowledgements","Schedule more frequent video meetings and require full attendance from all stakeholder groups","Assign a liaison to each stakeholder group to relay project updates and concerns","Use information radiators to make project progress, goals, and issues visible in real time",D,A,0/1,"Using information radiators ensures visibility and open communication by making project updates and status readily available and understandable to all stakeholders."
4,"A product owner is debating which prioritization method to use for backlog grooming. One stakeholder prefers MOSCOW, another suggests the 100-point method, while a third wants to use Kano Analysis. The Agile project manager wants to keep the team moving without overfocusing on the method. What should the Agile project manager do?","Require the use of MOSCOW since it's the most commonly taught method","Remind the team that the goal is a clear, agreed-upon list of prioritized features, regardless of technique used","Ask the team to vote on their preferred technique before proceeding","Combine all three methods to create a hybrid scoring system",B,B,1/1,"Remind the team that the goal is a clear, agreed-upon list of prioritized features, regardless of technique used."
5,"Midway through a complex project, the Agile project manager discovers that a major risk previously deemed low-priority is now likely to impact the final delivery date. The team is currently focused and highly productive, and the delay isn't guaranteed-but it's possible. The PM knows the client expects on-time delivery and is weighing whether to wait for more certainty before bringing it up. What should the Agile project manager do?","Be transparent with the client and communicate the potential risk, even if the impact is still uncertain","Wait until the next sprint review when more information will be available to discuss possible schedule changes","Monitor the situation closely but avoid raising alarm unless the risk materializes","Work with the team to address the risk internally and only escalate if mitigation efforts fail",A,A,0/1,"Agile leaders inspire trust and collaboration by being open, honest, and proactive-especially when challenges arise. Modeling this behavior sets the tone for the entire team."
6,"An Agile team is struggling to meet sprint commitments. During retrospectives, team members express confusion about task progress and dependencies, and newer members hesitate to speak up or suggest improvements. The Agile project manager wants to foster openness and continuous improvement while supporting team confidence and learning. What should the Agile project manager do?","Introduce a visible task board and invite the team to update it regularly during daily standups","Schedule additional one-on-one coaching sessions to help quieter team members feel more confident","Encourage the team to keep experimenting and not worry about failures as long as they deliver","Ask the product owner to step in and clarify roles and dependencies in the backlog",A,A,0/1,"Introduce a visible task board and invite the team to update it regularly during daily standups."
7,"During a tense sprint review, a senior stakeholder blames the team for delays and dismisses their explanations. The project manager notices that the stakeholder reacts defensively and refuses to listen to feedback. Which behavior zone does this situation exemplify?","Red Zone","Team Misalignment Zone","Conflict Escalation","Communication Breakdown Zone",A,A,0/1,"The Red Zone is characterized by blame, defensiveness, and resistance to feedback-behaviors that undermine collaboration and disrupt Agile team dynamics."
8,"A team is preparing for the first release of a new product. Some stakeholders suggest waiting until all core functionality is built before delivering anything to customers, arguing that early releases might lead to confusion or rework. The Agile project manager wants to support Agile principles while addressing these concerns. What should the Agile project manager do?","Agree to delay release until the product is complete to maintain stakeholder satisfaction","Add a separate testing phase at the end of the project to minimize potential confusion","Conduct a one-time pilot test before releasing the full product","Emphasize incremental delivery to get working features into a test environment early and gather feedback",D,D,1/1,"Delivering value incrementally improves product quality and customer satisfaction by validating functionality early, reducing surprises, and minimizing rework."
9,"During a sprint retrospective, the team decides to experiment with a new approach to reduce the time spent fixing integration issues. They agree to monitor the results and make adjustments after the next sprint based on what they learn. Which concept does this approach best reflect?","Servant leadership","Kaizen","Continuous deployment","Sprint review",B,A,0/1,"The team's focus on small, iterative improvements and structured follow-up embodies the Kaizen approach to continuous improvement."
10,"A project manager wants to gauge how strongly the team supports a proposed change to the iteration schedule. Rather than asking for a simple yes or no, the PM wants a more nuanced sense of consensus and potential concerns. What participatory model should the project manager use?","Simple voting","Silent brainstorming","Consensus workshop","Fist of five",D,A,0/1,"Fist of five provides a scalable, transparent way to assess team sentiment and identify early resistance, making it ideal for decision-making on proposed changes."
11,"A Scrum team is preparing to begin work on a new product increment. What should the team do before starting to ensure they have a shared understanding of when work is considered complete?","Finalize the schedule for the sprint planning and stand-up meetings","Get approval from the product owner for all upcoming user stories","Establish a shared Definition of Done (DoD) that applies to all work","Assign developers to tasks based on their availability and expertise",C,C,1/1,"Establishing a clear Definition of Done provides alignment across the Scrum team and ensures consistency and quality in completed work."
12,"You're supporting a large Agile program consisting of multiple cross-functional teams. Each team is following Agile, but there are frequent delays due to miscommunication and lack of coordination between them. What should you do to improve alignment and collaboration across the teams?","Assign a project manager to supervise the work of all teams and consolidate communication","Instruct all teams to follow the same Agile framework and cadence for consistency","Identify inter-team coordination needs and establish a suitable structure such as a Scrum of Scrums","Consolidate all teams into one centralized team to eliminate coordination overhead",C,C,1/1,"Identify inter-team coordination needs and establish a suitable structure such as a Scrum of Scrums."
13,"A new stakeholder joins an agile project during its early stages and expresses confusion about the team's flexible approach, the lack of a detailed upfront plan, and the frequent changes in requirements. The stakeholder asks the agile project manager to explain how this approach still delivers value and maintains control over the project. What should the agile project manager do?","Explain that Agile emphasizes collaboration, responding to change, and delivering working solutions incrementally","Emphasize the importance of timeboxing and iterative delivery as tools for managing project scope and risk","Highlight that Agile frameworks avoid upfront planning because requirements always change","Share examples of past Agile projects that successfully handled changing requirements and produced value early",A,A,1/1,"Clarifying that Agile relies on collaboration, adaptability, and incremental delivery helps stakeholders understand how it maintains control while continuously delivering value."
14,"During an Agile project, the team receives regular feedback from customers that prompts adjustments to both the product direction and development process. The team responds by refining their backlog and adopting new techniques to better meet customer needs. What Agile behavior is the team demonstrating?","Building a shared team vision to avoid conflict","Maintaining consistent velocity across sprints","Completing work exactly as planned during iteration planning","Embracing change and adapting both process and product direction",D,D,1/1,"The team's actions reflect Agile values by embracing change and using feedback to evolve the product and process, ensuring alignment with customer needs."
15,"An Agile project manager observes that the team is consistently delivering high-quality work, but several members appear overworked and are regularly working late to meet sprint goals. At the same time, the client is extremely pleased with the velocity and wants to maintain the current pace. The team hasn't voiced any complaints, but their energy seems to be decreasing, and the burn-down chart suggests they're taking on more than they can sustain. What should the Agile project manager do?","Adjust the team's workload for the next sprint to create a more sustainable pace","Meet with both the team and the client to discuss balancing delivery expectations with team well-being","Acknowledge the client's satisfaction and continue with the current pace unless the team formally raises concerns","Have a private conversation with the team to assess If they feel overburdened or are facing hidden pressures",B,B,1/1,"Balancing stakeholder satisfaction and team welfare is essential in Agile leadership. Proactively aligning both sides protects long-term project success and supports a sustainable pace."
16,"You're leading a product development initiative with multiple stakeholders requesting various features. To manage expectations and provide clarity on when certain features may be delivered, the product owner wants to communicate high-level plans without committing to specific dates. What tool or artifact should the product owner use?","Sprint backlog","Product roadmap","Release burndown chart","Product increment",B,A,0/1,"The product roadmap is the most appropriate tool to communicate high-level product plans and expected feature deliveries without overcommitting to specific timelines."
17,"A project manager is analyzing factors that influence the cost and success of software development using the COCOMO model. The model indicates that people-related factors are dramatically more impactful than tools or processes. What conclusion does this support?","Process optimization is more valuable than individual skill","The right tools can compensate for skill gaps","Software costs are primarily driven by automation efficiency","People factors have greater influence on project success than tools or processes",D,D,1/1,"The COCOMO model validates the principle that people are the most critical component of a project's success, far outweighing tools and processes in influence."
18,"A new Agile project involves several departments with competing interests. The product backlog contains a long list of features, and each stakeholder group wants their items prioritized first. To avoid conflict and create alignment, the Agile project manager wants to involve everyone in a structured, collaborative prioritization process. What should the Agile project manager do?","Ask department heads to nominate a representative to rank features independently","Use MOSCOW prioritization to define which features are Must Have or Should Have","Facilitate a workshop using dot voting or the 100-point method to distribute prioritization input among stakeholders","Decide the priority order based on which features are least expensive to implement",C,C,1/1,"Structured, inclusive prioritization methods allow Agile teams to build consensus and deliver features that reflect the collective priorities of the business."
19,"During a planning session, two senior developers strongly disagree on which architecture to use for a new feature. The project manager encourages both to explain their reasoning, helps them evaluate trade-offs, and guides them toward a mutually agreeable solution. What skill is the project manager applying in this scenario?","Conflict Resolution","Active Listening","Facilitation","Negotiation",D,A,0/1,"By fostering constructive dialogue and guiding the team toward compromise, the project manager is applying negotiation skills to support collaboration and decision-making."
20,"During a sprint, the Agile project manager notices that team members are frequently interrupting each other to ask about the status of various tasks. Despite regular stand-ups, there is still confusion about which work items are blocked or nearing completion. The team currently does not use any visual workflow tools. What should the Agile project manager do?","Increase the length of the daily stand-up to allow for more detailed updates","Introduce a Kanban board to make workflow visible and facilitate continuous status awareness","Schedule twice-daily team check-ins to ensure information is regularly updated","Assign a team member to track task progress and send daily status emails",B,B,1/1,"Introduce a Kanban board to make workflow visible and facilitate continuous status awareness."
21,"At the beginning of a retrospective, the facilitator notices that team members seem distracted and hesitant to speak up. To ensure the session is productive, the facilitator introduces an activity where participants identify themselves as explorers, shoppers, vacationers, or prisoners. What stage of the retrospective is the facilitator conducting?","Generate insights","Gather data","Set the stage","Decide what to do",C,C,1/1,"The ""Set the Stage"" phase is essential for creating a safe, engaging environment that encourages full participation throughout the retrospective."
22,"A project manager wants to ensure that product development remains adaptive and feedback-driven throughout the sprint. The team updates information radiators regularly, conducts stand-ups, and manages retrospectives without direction from a central manager. What key Agile principle does this team best exemplify?","Self-organizing team taking ownership of development and delivery","Continuous deployment of working software to production","Strict adherence to sprint planning as defined by the product manager","Stakeholder-led prioritization of deliverables at the start of each sprint",A,A,1/1,"The team's independent coordination of activities, communication, and inspection reflects a core Agile value: self-organization for empowered and adaptive delivery."
23,"An Agile team has noticed increased cycle times and more work-in-progress than usual. They begin analyzing patterns in their metrics to determine if these changes indicate a deeper issue that could affect future performance. What type of metric analysis is the team using?","Variance analysis","Trend analysis","Lagging metric evaluation","Qualitative root cause analysis",B,B,1/1,"By using trend analysis, the team proactively monitors patterns that could signal future inefficiencies, enabling them to take corrective action before issues escalate."
24,"During a review meeting, a stakeholder suggests measuring progress by tracking task completion and hours logged. The team has been focused on delivering functional features regularly. The stakeholder wants reassurance that the team is making good progress. What should the agile project manager do?","Explain that in Agile, the primary measure of progress is working software that delivers value-not hours worked, or documents produced","Recommend tracking team effort by completed checklists and documentation milestones","Shift the team's focus to meeting sprint burn-down targets, even if features aren't fully functional","Suggest creating a detailed Gantt chart to show percentage completion of planned activities",A,A,1/1,"Working software is the clearest indicator of progress in Agile because it demonstrates real value the customer."
25,"During a sprint, a developer on an XP team realizes that their code may introduce a bug, but they hesitate to speak up, worried it might reflect poorly on their performance. What XP core value should the team reinforce to encourage transparency and collaboration?","Courage","Simplicity","Feedback","Communication",A,A,1/1,"Emphasizing courage helps create a culture where team members feel safe to raise concerns, leading to better collaboration and fewer hidden problems."
26,"A team member suggests that the developers work independently from the business stakeholders to avoid distractions and reduce coordination time. They propose using documentation and email updates to stay aligned instead of daily interactions. What should the agile project manager do?","Approve the suggestion and allow the team to work without daily contact to improve focus","Recommend shifting communication to weekly status reports to minimize meeting overhead","Explain that Agile encourages daily collaboration between business people and developers to improve alignment and speed up feedback","Instruct the developers to communicate through a designated liaison who can summarize project changes at the end of each sprint",C,C,1/1,"Agile promotes daily collaboration between business stakeholders and developers to ensure fast fe strong alignment, and continuous value delivery."
27,"During a retrospective, a stakeholder expresses concern about the slow pace of the last sprint. Instead of reacting defensively, the project manager thanks them for the feedback, acknowledges the issue, and encourages a discussion on possible improvements. Which behavior zone does this situation exemplify?","Passive Compliance Zone","Green Zone","Conflict Avoidance Zone","Constructive Challenge Zone",B,A,0/1,"The project manager's behavior shows accountability, openness, and collaboration-hallmarks of the Green Zone."
28,"A stakeholder questions why the team keeps adjusting priorities and deliverables every few weeks instead of sticking to the original roadmap. They are concerned that this signals poor planning. What should the agile project manager do?","Explain that Agile discourages planning to avoid rework caused by unexpected changes","Clarify that Agile recognizes software projects have high rates of change and therefore puts more effort into responding to change than rigidly following a fixed plan","Assure the stakeholder that all future work will be locked down to preserve the current plan","Emphasize that change requests with only be accepted if they come from executive sponsors and follow the formal change control process",B,B,1/1,"Agile anticipates and embraces change, using flexible, adaptive planning to ensure the team stays aligned with evolving priorities and delivers maximum value."
29,"During a sprint review, the Agile project manager observes that many tasks are stuck in the ""In Progress"" column of the Kanban board, with only a few reaching the ""Done"" column. Team members admit they are juggling multiple stories at once, but little is being completed. What should the Agile project manager do?","Implement WIP limits to encourage focus and improve task completion rates","Assign fewer stories to the backlog to reduce team workload","Ask team members to document all reasons for task delays in the next retrospective","Extend the sprint duration to give more time for work to be finished",A,A,1/1,"Limiting WIP is a core Agile practice that helps teams work efficiently, reduce risk, and continuously deliver value by focusing on completing rather than starting work."
30,"An agile project manager is coaching a hybrid team that recently merged members from both traditional and Agile backgrounds. During a workshop, one of the team members asks for help distinguishing between predictive, iterative, and incremental approaches. What should the agile project manager do?","Explain that all three approaches have fixed requirements but differ in delivery timing and cost management","State that the main difference lies in the team size and organizational maturity rather than requirements, delivery, or goals","Clarify that predictive uses fixed requirements and a single delivery, iterative uses dynamic requirements with repeated activities for correctness, and incremental focuses on frequent smaller deliveries for speed","Emphasize that predictive and iterative both aim for speed while incremental ensures correctness through multiple deliveries",C,C,1/1,"Clarifying the requirements, delivery methods, and goals of predictive, iterative, and incremental approaches provides the team with a structured understanding."
31,"A product owner wants to help the team and stakeholders visualize how end users will interact with a new application. The team is building features based on user stories, but some stakeholders are struggling to see how the features fit together in the broader user experience. What should the project manager recommend to improve shared understanding?","Develop a wireframe of the user interface","Create a detailed data flow diagram of all backend processes","Use agile modeling to create a use case diagram","Provide the stakeholders with a list of user stories sorted by priority",C,A,0/1,"Creating a use case diagram through agile modeling helps stakeholders and the team visualize system use from the user's perspective, fostering clarity and alignment."
32,"A team wants to improve the effectiveness of their retrospective action items. To ensure that the next goal they set is useful and achievable, they decide to make it more specific, measurable, attainable, relevant, and timely. Which principle are they applying?","MOSCOW Prioritization","INVEST Criteria","SMART Goals","Definition of Done",C,C,1/1,"The team is using the SMART framework to create well-structured, actionable goals that drive improvement."
33,"A software development team using Extreme Programming (XP) has recently experienced a surge in late-night work and burnout among developers. The project manager wants to encourage healthier working hours without sacrificing long-term delivery performance. Which XP practice directly supports this goal?","Pair programming","Refactoring","Sustainable pace","Test-driven development",C,C,1/1,"Promoting a sustainable pace is the most effective XP practice for supporting team health and long-term performance."
34,"A product owner is working with stakeholders to evaluate the importance of each feature request based on its expected return on investment. After ranking these features, the team uses those rankings to plan the sequence of development. Which technique is the product owner using?","Story mapping","Risk-based prioritization","Progressive elaboration","Value-based analysis and decomposition",D,D,1/1,"The product owner is applying value-based analysis and decomposition by evaluating ROI, ranking features, and guiding the team's development strategy accordingly."
35,"A stakeholder asks who is responsible for planning and managing the daily work of building the product during a sprint. They're curious whether this is directed by the Scrum Master or Product Owner. What should the agile project manager do?","Explain that the Product Owner manages the daily sprint tasks and delegates work","Clarify that the Scrum Master organizes daily work to maximize team efficiency","State that the Product Owner and ScrumMaster collaborate to assign work to developers","Explain that the Development Team self-manages its own work within sprints",D,D,1/1,"In Scrum, the Development Team is responsible for self-managing its daily work during the sprint to achieve the sprint goal."
36,"A team is estimating the cycle time for a new feature that has been sized at 60 story points. Their current throughput is 5 story points per day. What is the expected cycle time for this feature?","5 days","10 days","60 days","12 days",D,D,1/1,"With a throughput of 5 story points per day, a 60-point feature is expected to take 12 days to complete."
37,"During the retrospective, the team decides they should begin daily knowledge-sharing huddles, reduce time spent on lengthy email chains, and continue pair programming. Which activity best represents this part of the retrospective?","Gather data","Short subjects","Generate insights","Close retrospective",B,A,0/1,"By suggesting and selecting specific improvement actions, the team is engaged in the ""Short subjects"" activity of the retrospective."
38,"During the middle of a high-pressure sprint, two team members approach the Agile project manager to express frustration. One mentions repeated interruptions from stakeholders asking for status updates, while the other highlights that an unresolved technical issue has blocked progress for two days. Meanwhile, the product owner has also asked for help reiterating the product vision to align with stakeholder expectations. What should the Agile project manager do?","Schedule a stakeholder alignment meeting to clarify the product vision and reduce future interruptions","Work with the team to solve the technical issue and escalate it if needed","Remind stakeholders of the team's communication protocol to protect focus time","Prioritize removing the blocker and shielding the team from interruptions",D,D,1/1,"Servant leaders focus on what the team needs most right now to succeed. In this case, that means clearing the blocker and minimizing distractions."
39,"An Agile project manager notices that the band representing the ""Test"" stage in the cumulative flow diagram (CFD) has grown significantly wider over the last two weeks, while other bands remain stable. What should the Agile project manager do next?","Reallocate resources from development to testing to increase test throughput","Extend the sprint length to allow testing to catch up","Investigate the testing process for bottlenecks causing the delay","Instruct the team to slow development until testing finishes the backlog",C,A,0/1,"CFDs help visualize bottlenecks, and the best response is to investigate the root cause of delays to restore consistent, balanced flow."
40,"After completing a sprint, the Agile team gathers to reflect on their process and identify ways to improve teamwork and efficiency. The session focuses on what went well, what didn't, and what actions can be taken in the next sprint to improve. Which Agile activity is the team performing?","Retrospective","Daily standup","Sprint review","Pre-mortem",A,A,1/1,"Retrospectives help Agile teams continuously refine their collaboration and effectiveness by inspecting their performance at the end of each iteration."
41,"A team transitioning to Agile expresses concern about reducing the amount of documentation produced during development. They're used to creating detailed plans, specs, and approval workflows before writing any code. The agile project manager wants to help the team adopt a more value-focused mindset. What should the agile project manager do?","Advise the team to eliminate documentation entirely and focus only on coding","Instruct the team to postpone development until all paperwork and detailed requirements are completed","Emphasize that documentation is a higher priority than product delivery because it ensures traceability","Explain that Agile values working software over comprehensive documentation, and encourages creating only necessary, timely documentation that supports delivery",D,D,1/1,"Agile values working software over comprehensive documentation, encouraging teams to produce documentation needed to support clear communication and effective delivery."
42,"During a sprint, a development team finishes implementing a new feature and shares it with stakeholders for feedback. They collect comments, analyze what worked and identify areas for improvement. Which phase of the Agile cycle are they currently engaged in?","Plan","Evaluate","Learn","Develop",B,B,1/1,"The team is in the Evaluate stage, using stakeholder feedback to determine how well the delivered work met expectations and where improvements can be made."
43,"An Agile team wants to reduce waiting times and eliminate unnecessary steps in their current product delivery process. They begin by mapping out the flow of activities and identifying points of delay or non-value-added work. They then create a new diagram showing their ideal process flow. What tool is the team using to drive this improvement effort?","Process control chart","Burnup chart","Value-based prioritization matrix","Value stream map",D,D,1/1,"The team is using a value stream map to diagnose inefficiencies and redesign their workflow for improved process efficiency."
44,"An Agile team delivers an increment at the end of the iteration and shares it with stakeholders for feedback. The stakeholders provide valuable suggestions that could enhance the product, but the team is unsure whether to act immediately or wait until the next planning session. What should the Agile practitioner recommend?","Proceed with implementing the changes immediately to show responsiveness","Ignore the feedback for now and revisit it in the product roadmap review","Evaluate the feedback and incorporate it into the backlog for prioritization","Ask the stakeholders to submit formal change requests before considering their input",C,C,1/1,"Evaluating stakeholder feedback and incorporating it into the backlog supports continuous delivery of value while preserving alignment with team goals and Agile principles."
45,"After completing a sprint, the agile team conducts a session to reflect on what went well, what didn't, and what can be improved in the next sprint. A stakeholder who is new to Agile asks whether this meeting is part of project planning or customer review. What should the agile project manager do?","Explain that this is a retrospective","Clarify that the meeting is a sprint review meeting","Identify the meeting as part of release planning","Describe the meeting as a sprint planning session",A,A,1/1,"Retrospectives are internal team meetings held at the end of each sprint to promote continuous improvement through reflection and process adjustment."
46,"A project manager facilitates a retrospective by drawing a boat heading toward a goal line, with sticky notes representing wind that pushes the boat forward and anchors that slow it down. The team uses this visual to discuss enablers and blockers to progress. Which collaboration game is the project manager using?","Prune the Product Tree","Remember the Future","Sailboat","Boat Mapping",C,A,0/1,"The Sailboat game is ideal for retrospectives that explore what helps or hinders project momentum by visualizing threats and opportunities."
47,"During a strategy session, a stakeholder suggests adding flashy new features to surprise users, even though some basic functions still aren't working reliably. The Agile project manager wants to help the team balance customer satisfaction with value delivery by better categorizing features. What should the Agile project manager do?","Use Kano Analysis to identify which features are must-haves, satisfiers, and delighters","Defer all suggested features until the product backlog is completely cleared","Ask the stakeholder to submit a change request form for further evaluation","Shift all team focus to innovation features to boost customer enthusiasm",A,A,1/1,"Kano Analysis allows Agile teams to prioritize features by understanding their impact on customer satisfaction, ensuring essentials are met before investing in extras."
48,"An Agile project manager is coaching a newly formed development team. The team expresses uncertainty about how to divide the work and asks the project manager to assign tasks. Instead, the project manager encourages the team to collaborate, discuss priorities, and determine how best to organize themselves. What principle is the Agile project manager promoting?","Centralized control to ensure consistent delivery","Team self-organization and empowerment","Product owner direction of all development tasks","Fixed team roles based on hierarchy",B,B,1/1,"Encouraging the team to self-organize fosters accountability, adaptability, and long-term effectiveness, which is central to Agile project management."
49,"During a stakeholder onboarding session, a senior executive expresses skepticism about Agile, questioning how it adds value compared to traditional methods. The agile project manager wants to highlight some of the key benefits of using an Agile approach. What should the agile project manager do?","Explain that Agile ensures teams follow a fixed process and minimizes feedback loops to reduce complexity","Emphasize that Agile avoids involving customers throughout the life cycle to streamline decision-making","Highlight that Agile delivers all value at the end of the project but allows changes in the early stages","Describe how Agile involves customers throughout the life cycle, encourages continuous feedback, welcomes change, and delivers value earlier in the process",D,D,1/1,"Agile stands out by involving customers throughout the project, promoting continuous feedback, embracing change, and delivering value early and incrementally."
50,"During a backlog refinement session, a developer proposes adding an advanced reporting dashboard that wasn't requested but could ""impress the client later."" The feature would require significant effort and delay completion of a basic reporting function that the client has explicitly prioritized. What should the Agile project manager do?","Recommend completing the basic report first and deferring the advanced dashboard until it's requested","Encourage the developer's enthusiasm and assign the dashboard to an upcoming sprint for innovation","Add both reporting features to the next sprint to give the client multiple options","Approve development of the dashboard to demonstrate added value and technical capability",A,B,0/1,"Reducing waste requires prioritizing customer-defined value over speculative features. The Agile project manager should focus the team on work that delivers immediate, high-priority results."
51,"The product manager and stakeholders have each shared their vision for the project, but the development team seems unclear about what they're building and why. As the project manager, what should you do to promote a shared vision and purpose?","Facilitate a collaborative session to align all parties on a unified product vision","Ask the product manager to document and distribute a finalized version of the vision","Proceed with the current backlog and let clarity evolve during the iterations","Delegate clarification of the vision to the Scrum Master to present at the next standup",A,A,1/1,"Facilitating a collaborative session fosters alignment, ownership, and motivation, helping ensure the team understands and supports the product's purpose."
52,"An XP team is preparing to begin a new iteration. The customer explains which functionality they want delivered, and developers begin breaking the functionality into tasks, estimating the effort based on their capacity and prior performance. Which XP planning practice are they engaged in?","Iteration Planning","Release Planning","Sprint Grooming","Backlog Refinement",A,A,1/1,"The activity described aligns with Iteration Planning in XP, where the team collaborates with the customer to select and prepare work for the upcoming iteration."
53,"During an Agile project, a stakeholder asks how the team is tracking risk over time. The team presents a risk burndown chart showing the decreasing severity of identified risks from June through September. What does the risk burndown chart primarily demonstrate?","The number of risk response actions executed during the project","The remaining budget available for risk mitigation","The effectiveness of risk management throughout the project","The percentage of project scope at risk of failure",C,B,0/1,"Risk burndown charts provide a clear visual of how well the team is managing and reducing risk, reflecting the overall effectiveness of risk response strategies."
54,"A project manager is preparing for an Agile transformation across a large organization. During early discussions, senior leaders express concerns about the risk of failure, managers fear losing control, and users question whether all necessary features will be delivered. What should the project manager do to address these concerns?","Avoid discussing Agile until a successful pilot project is completed","Reassign skeptical stakeholders to other projects","Provide tailored Agile education to all stakeholders to address specific concerns","Shift from Agile to a hybrid approach to minimize resistance",C,C,1/1,"By proactively educating stakeholders on Agile and addressing their specific concerns, the project manager fosters understanding, reduces resistance, and builds support for successful adoption."
55,"During an Agile project, stakeholders express concern that their feedback is not being integrated until late in the development cycle. What should the Agile practitioner do to address this issue?","Involve stakeholders from the beginning and use iterative reviews to gather feedback continuously","Schedule a stakeholder review session after each sprint to collect feedback only once per cycle","Ask the Product Owner to deliver a detailed requirements document upfront","Increase the length of each sprint fo allow more time for review and planning",A,A,1/1,"Involving stakeholders from day one and maintaining regular, iterative engagement ensures feedback is timely and integrated effectively, promoting alignment and agility."
56,"During a team planning session, two senior developers disagree on the best technical approach for an upcoming feature. As tensions rise, the project manager intervenes by guiding the conversation toward mutual understanding and helping the team explore compromises without escalating the conflict What soft skill is the project manager demonstrating?","Active Listening","Negotiation","Emotional Intelligence","Facilitation",D,D,1/1,"Facilitation is the soft skill that allows the project manager to steer the team through conflict toward productive collaboration."
57,"During backlog refinement, a product owner uses numeric labels like Priority 1, Priority 2, and Priority 3 to sort upcoming features. However, several stakeholders argue that almost every item is Priority 1. The Agile project manager wants to recommend a better method to improve clarity and reduce ambiguity. What should the Agile project manager do?","Ask the team to rank all Priority 1 items based on complexity instead of business value","Recommend using MoSCOW prioritization to categorize items as Must have, Should have, Could have, or Won't have","Suggest removing prioritization labels altogether and letting the team pull work as capacity allows","Create a weighted scoring system using risk, value, and effort to automate item ranking",B,B,1/1,"To improve prioritization clarity and align backlog items with business value, Agile project managers should recommend structured methods like MOSCOW that reduce ambiguity and foster informed stakeholder input."
58,"A project manager notices that some stakeholders are unclear about the project's definition of ""done"" and are hesitant to provide input. What should the project manager do to foster better engagement and alignment?","Wait until the end of the sprint review to explain what ""done"" means","Remove hesitant stakeholders from planning sessions","Frequently clarify what ""done"" looks like and show ongoing progress","Send stakeholders a detailed document explaining all definitions",C,C,1/1,"Clarifying what ""done"" looks like and regularly showing progress are key to maintaining alignment and building stakeholder confidence throughout the project."
59,"While reviewing a failed project, executives notice that many major defects were only discovered during final testing, leading to costly rework and delays. The Agile project manager is asked to recommend a strategy to reduce the cost of change in future projects. What should the Agile project manager do?","Increase testing resources during the final phase to catch issues faster","Postpone major design decisions until more data is available from users","Encourage incremental delivery and earlier testing to identify problems when they are cheaper to fix","Use a traditional risk register to document risks and review them quarterly",C,C,1/1,"To reduce rework and manage costs, Agile project managers promote early feedback through continuous incremental delivery and testing. This allows teams to respond quickly before changes become costly."
60,"An agile project manager is working with a finance department that is new to Agile and is used to approving funding in large, upfront allocations. The project manager wants to introduce Agile concurrent development principles to help the department better understand how budgeting and delivery work in Agile environments. What should the agile project manager do?","Explain that Agile uses incremental funding, steady delivery of value, ongoing validation with users, early integration, and continuous adaptation to change and risk","Recommend deferring integration and risk assessment until just before release to reduce overhead and complexity","Suggest that Agile avoids customer validation and instead focuses on delivering large portions of work for executive review","Emphasize that Agile teams follow a fixed budget and scope once approved to avoid disruptions from ongoing feedback and change",A,A,1/1,"Agile promotes incremental funding, continuous validation, and early integration to support flexible, value-driven delivery and responsive risk management."
61,"An Agile team is managing a project with several high-risk features planned for late in the release cycle. The product owner is concerned about the cumulative risk and wants better visibility into how risk is being addressed over time. What should the Agile project manager do?","Use a risk burndown chart to visualize how project risks are being mitigated across iterations","Restructure the sprint backlog to remove high-risk features and replace them with low-risk tasks","Recommend deferring high-risk items to the end of development to avoid disruption early in the project","Advise the product owner to trust the team's flexibility to handle risk as it arises",A,A,1/1,"Agile teams manage risk using tools like the risk burndown chart to ensure visibility, track mitigation, and maintain stakeholder confidence throughout the project."
62,"A project team is preparing to begin work on a new Agile initiative. The team wants to align with stakeholders, clarify how the project will be conducted, and establish a shared understanding without locking down all the details too early. Which document should the project team create to accomplish this?","Detailed project scope statement","Agile charter that outlines project intent, W5H, and execution approach","Risk management plan with stakeholder tolerances","Statement of work (SOW) with final deliverables and cost estimates",B,B,1/1,"An Agile charter effectively establishes shared understanding and flexible structure for Agile projects, enabling collaboration and adaptive planning."
63,"A program manager is reviewing the cost drivers in the COCOMO II model and notices that the most heavily weighted factor is ""People,"" significantly outweighing tools, schedule, or even product characteristics. What does this indicate about managing project costs effectively?","Investing in automation and tooling will yield the greatest cost savings","Improving team capability and motivation will have the highest impact","Scheduling techniques and reuse planning are the most cost-efficient strategies","Design standardization is more valuable than team dynamics",B,B,1/1,"Focusing on building a skilled, motivated team delivers the greatest benefit in controlling project costs, according to COCOMO II."
64,"An Agile team uses a control chart to monitor their cycle times. Over several iterations, they notice a data point that falls outside the upper control limit. What should the team interpret from this observation?","The team has improved performance","The project scope has expanded","A special cause of variation may have occurred","The team should immediately increase WIP limits",C,A,0/1,"Observing data outside control limits helps Agile teams detect special causes of variation early, enabling proactive investigation and resolution."
65,"You're leading an Agile project and want to ensure that everyone on the team has a consistent understanding of what ""done"" means for each backlog item. Some team members have completed work that doesn't meet expectations due to differing interpretations of completion. What should the project manager do to establish a consistent standard?","Establish a Definition of Done for user stories, releases, and final deliverables","Assign a quality assurance lead to review all completed items for consistency","Allow each developer to define what ""done"" means for their assigned tasks","Require all backlog items to be peer-reviewed by other team members",A,A,1/1,"Establishing a Definition of Done ensures a consistent understanding of completion criteria across the team and supports quality, alignment, and efficiency."
66,"A newly formed Agile team is struggling with poor collaboration. Team members often work in isolation, communication is infrequent, and decisions are made inconsistently. What should the project manager do to help the team work together more effectively?","Assign specific tasks to each team member based on their expertise","Schedule daily one-on-one check-ins with each team member","Implement stricter communication rules to ensure participation","Promote cross-functional collaboration and define team working agreements",D,D,1/1,"Creating shared working agreements and promoting collaborative practices aligns team members around a common vision and breaks down barriers to effective teamwork."
67,"During a release planning meeting, the project manager asks the stakeholders to imagine that the upcoming product release has already been successful. The team discusses what outcomes made it a success and how they achieved them. Which collaboration game is the project manager using?","Sailboat","Buy a Feature","Prune the Product Tree","Remember the Future",D,D,1/1,"Remember the Future is the most appropriate collaboration game here, as it helps the team reverse engineer a vision of success by asking stakeholders to reflect on what made a future release effectively."
68,"A new team member who recently transitioned from a heavily process-driven organization expresses confusion about Agile's priorities. They notice that the team seems to focus more on conversations, working code, and quick decisions rather than detailed plans and extensive documentation. What should the agile project manager do?","Clarify that Agile eliminates the need for documentation and contracts, replacing them with constant verbal communication","Explain that Agile values individuals and interactions, working software, customer collaboration, and responding to change more than rigid processes, documentation, and plans","Emphasize that Agile teams avoid following any plan in order to stay flexible","Recommend shifting to a hybrid approach that minimizes stakeholder involvement to streamline decision-making",B,B,1/1,"Agile values collaboration, working solutions, and adaptability over rigid processes and documentation, focusing on what delivers the most value to customers."
69,"During development of a new system, the Agile team is struggling to align on how information such as customer and address data should be stored and linked. The team is using user stories and has a general understanding of requirements, but is experiencing confusion about relationships between data elements. What tool should the project manager recommend to clarify these relationships?","Use agile modeling to create data models","Develop use case diagrams to show user interactions with the system","Create a wireframe to visualize the user interface","Organize a stakeholder workshop to rewrite the user stories",A,B,0/1,"Using agile modeling to create data models helps the team clarify how system entities relate, enabling better design and development of the application."
70,"During a kickoff meeting, a stakeholder unfamiliar with Agile asks the agile project manager to clarify which delivery approaches fall under the Agile umbrella. The stakeholder mentions hearing terms like Extreme Programming, Lean, Kanban, and Waterfall but isn't sure which ones actually use Agile principles. What should the agile project manager do?","Clarify that only Extreme Programming qualifies as Agile, since the others are either manufacturing approaches or traditional methods","Explain that Extreme Programming, Lean Development, and Kanban are Agile approaches, while Waterfall is a traditional, plan-driven methodology","Emphasize that all four approaches can be customized for Agile use depending on the organization's maturity and flexibility","State that none of the approaches are strictly Agile unless implemented within a Scrum framework",B,B,1/1,"Extreme Programming, Lean, and Kanban align with Agile principles, while Waterfall follows a traditional, non-Agile approach."
71,"An agile project manager is working with a new team that is still in the the forming stage. Jeam members are unclear about roles, avoid conflict, and seek guidance frequently. What leadership style should the project manager adopt to best support the team at this stage?","Delegating","Coaching","Directing","Supporting",C,B,0/1,"Using a directive leadership style during the forming stage helps the team establish structure, clarity, and confidence as they begin working together."
72,"During a planning session, a product sponsor asks the agile project manager why the team cannot commit to a fixed scope for the upcoming release, especially since the budget and timeline are already approved. The sponsor is used to traditional project models where scope is locked early. What should the agile project manager do?","Explain that Agile inverts the traditional triangle by fixing time and cost while allowing scope to vary based on value and priorities","Recommend fixing scope and adjusting the budget and schedule dynamically throughout the project","Clarify that Agile does not plan for time or cost because it operates in a reactive cycle","Suggest building all features first and extending the timeline as needed to match the scope",A,A,1/1,"Agile fixes time and cost while allowing scope to evolve, enabling teams to deliver the highest-value work within approved constraints."
73,"Mid-sprint, a team discovers that some completed tasks don't align with the sprint goal due to misunderstood requirements. The agile project manager wants to help the team recover and improve. What should the agile project manager do?","Postpone changes until the next sprint to avoid disrupting the team's current work","Encourage the team to continue and use retrospectives to address the issue later","Encourage timely inspection and real time adaptation to correct course","Assign a new team lead to oversee communication and prevent further misunderstandings",C,C,1/1,"By reinforcing transparency, inspection, and adaptation, Agile teams can respond to issues in real time and stay aligned with their goals."
74,"During a release planning session, the product owner is struggling to prioritize backlog items that all seem important. Several stakeholders are present, each with different opinions about which features are most valuable. The Agile project manager wants to guide the group toward a collaborative, value-driven prioritization approach. What should the Agile project manager do?","Ask the stakeholders to defer to the product owner and revisit prioritization offline","Use the team's velocity and capacity data to estimate how many features can be delivered","Apply risk-adjusted backlog scoring to elevate low-risk, high-value items","Facilitate a prioritization session using a technique like dot voting, MOSCOW, or the 100-point method",D,D,1/1,"Agile project managers support effective release planning by using structured, participatory methods to align priorities around customer value."
75,"A company traditionally waits until full product completion before performing any financial review or requesting additional funding. On a new Agile initiative, the leadership team wants to adapt their approach to better align with Agile principles and enable faster value delivery. What should the Agile project manager recommend?","Continue with traditional accounting and request all funding upfront to avoid delays","Present a full-feature roadmap to justify major capital investment at the beginning of the project","Adopt Agile accounting practices by delivering a minimal viable product and securing incremental funding based on delivered value","Wait until after product release to evaluate whether any accounting changes are needed",C,C,1/1,"By aligning financial practices with Agile principles - focusing on MVPs and incremental value delivery the organization enables more adaptive, value-focused project funding."
76,"A product owner is concerned about paying too much for Agile work that might extend beyond the original estimate. To manage this, the project manager proposes an agreement where the vender is paid more for early completion, the standard rate for on-time delivery, and less if they finish late. What type of Agile contract is the project manager proposing?","Fixed Price Work Package","Graduated Fixed Price Contract","Cost-Reimbursable with Incentives","Time and Materials with Performance Clauses",B,A,0/1,"A Graduated Fixed Price Contract enables shared risk and reward while encouraging timely delivery-making it ideal for managing Agile performance expectations."
77,"During a team retrospective, several members mention that the digital Gantt chart used by management is confusing and disconnected from their daily work. The team has a whiteboard with sticky notes they update daily, which stakeholders rarely see. The Agile project manager wants to bridge this gap while supporting Agile values. What should the Agile project manager do?","Assign a business analyst to maintain both the digital Gantt chart and the physical board","Train the team to better align their board updates with the Gantt chart milestones","Propose replacing the Gantt chart with a physical or digital Kanban board that everyone can use and see","Ask management to stop requesting updates from the team and only use the Gantt chart for planning",C,C,1/1,"Agile project managers encourage the use of tools that foster collaboration, visibility, and shared understanding. Transitioning to a Kanban board supports these goals and aligns with Agile values."
78,"You're leading an Agile team that is preparing to develop a new feature for a student management system. One of your product owners suggests creating simple screen sketches that show the layout of the interface before development begins. The team agrees that this would help clarify expectations and reduce miscommunication. What Agile modeling technique should the team use to accomplish this?","Data model diagrams","Use case diagrams","Screen designs","Personas",C,C,1/1,"Using screen designs helps the Agile team build a shared understanding of the interface and improves early collaboration, reducing rework later in development."
79,"A stakeholder asks why the Agile team doesn't lock down requirements before starting development. They are concerned that accommodating changes late in the project will lead to delays and budget overruns. What should the agile project manager do?","Explain that Agile defines all requirements during sprint planning and resists changes after development begins","Emphasize that Agile locks down scope during release planning to stabilize delivery and limit scope creep","Recommend finalizing all backlog items before the team begins work to improve predictability","Clarify that Agile welcomes changing requirements-even late in development-because adapting to change supports customer value and competitive advantage",D,D,1/1,"Agile welcomes changing requirements-even late in development-because flexibility enables tha to deliver greater customer value and stay aligned with evolving business needs."
80,"A distributed Agile team struggles with staying aligned on project progress. Some team members report feeling out of the loop, while others are unsure about current risks or blockers. What should the Agile practitioner do to address this issue?","Use information radiators to share project status, risks, and blockers in real time","Schedule daily status meetings to update everyone regardless of time zones","Appoint a liaison to consolidate and distribute updates to team members","Assign team leads in each time zone to manage local progress and coordination",A,A,1/1,"Making status and risks visible through information radiators ensures shared understanding, fosters collaboration, and supports team alignment in distributed environments."
81,"A project team identifies several risks and technical constraints during an iteration that could delay product delivery. The project manager collaborates with the team to brainstorm solutions and prioritizes resolving the most critical issues first. Which approach is the project manager following?","Assigning each risk to individual team members to manage independently","Waiting until impediments block progress before addressing them","Focusing only on risks identified in the original risk register","Proactively identifying and prioritizing critical risks and impediments with team input",D,D,1/1,"Proactively identifying and addressing high-impact risks and impediments with team collaboratior supports continuous delivery and minimizes delays."
82,"A team is preparing for a process improvement workshop to reduce inefficiencies in their delivery cycle. They decide to use a value stream map to assess each step of their workflow and identify where value is added versus where delays or rework occur. Which technique are they applying to identify waste?","Retrospective data analysis","Visualizing the end-to-end value flow","Kanban flow limit enforcement","User story mapping to prioritize value",B,A,0/1,"By mapping the entire workflow to identify and reduce non-value-added activities, the team effectively applies a value stream approach to eliminate waste and optimize delivery."
83,"During an Agile planning workshop, the team is brainstorming ways to visualize the new user portal. A UX designer suggests creating a quick, low-fidelity representation of the layout that can be adjusted easily as feedback is received. The goal is to clarify the shared understanding of what ""done"" looks like and validate the design before development begins. Which tool is the UX designer recommending?","Acceptance criteria","Persona profiles","Wireframes","Definition of ready",C,C,1/1,"Wireframes allow Agile teams to visualize and validate concepts quickly, ensuring alignment on deliverables before development starts."
84,"During a planning session, the Agile team uses brief fictional profiles to better understand user motivations and ensure they're developing valuable features. These profiles are designed to ground discussions in real user needs and behaviors. What technique is the team using to help clarify and prioritize features?","Personas","User story mapping","Wireframes","Value stream mapping",A,B,0/1,"By using personas, the team grounds its decisions in real user perspectives, helping them prioritize features that provide meaningful value."
85,"While mentoring a junior project manager transitioning from a traditional environment, the agile project manager is asked why Agile is often considered more responsive and customer-focused. The junior manager is used to delivering everything at the end of a project and following a fixed plan. What should the agile project manager do?","Recommend that Agile projects avoid too much planning to encourage spontaneity and innovation","Emphasize that Agile discourages change requests to maintain project control","Clarify that Agile builds the entire product upfront but delivers it in small marketing phases","Explain that Agile delivers in increments, plans continuously, welcomes change, and allows customers to see value earlier in the process",D,D,1/1,"Agile delivers value early and often by planning continuously, embracing change, and involving customers throughout the process, making it more responsive and customer-focused than traditional method."
86,"A stakeholder expresses concern that written documentation and email updates are not helping them stay informed about project developments. They mention that even video recordings fail to give them the clarity they need, leading to misunderstandings and frustration. What should the project manager do to improve communication clarity and stakeholder understanding?","Schedule more formal status updates using video recordings to reinforce written documentation","Increase the use of face-to-face conversations to improve clarity and engagement","Assign a communication liaison to ensure messages are interpreted correctly","Provide weekly summaries via email with visual progress indicators and action items",B,B,1/1,"Face-to-face communication fosters the highest level of understanding and feedback, making it the most effective approach when stakeholders are struggling to interpret other communication method."
87,"An Agile team is struggling to keep track of their progress. Stakeholders frequently ask for updates, and developers spend time answering questions instead of focusing on work. The team uses a Kanban board, but it's often outdated. What should the Agile practitioner do to improve transparency?","Schedule daily status meetings with stakeholders to keep them informed","Help the team set up a routine for maintaining the Kanban board with current data","Switch to using burndown charts since Kanban isn't working for the team","Assign a team member to manually send updates to stakeholders each day",B,B,1/1,"Establishing a consistent process for updating work visualization tools ensures transparency, reduce unnecessary interruptions, and promotes shared understanding among team members and stakeholders."
88,"During a review session, several team members express that they don't always feel heard when they raise concerns or offer suggestions. Others say they're unsure where to find up-to-date <project information. What should the project manager do to strengthen collaboration and information sharing?","Schedule recurring one-on-one check-ins to ensure each team member has a chance to speak","Centralize project documentation in a shared digital workspace and send reminders","Assign a team member as a liaison to gather feedback and relay it to the project manager","Promote two-way communication and use visual tools like Kanban boards and whiteboards for shared understanding",D,D,1/1,"Using two-way communication and shared visual tools strengthens collaboration, makes project information more accessible, and creates a more engaged Agile environment."
89,"An enterprise is looking to scale its Agile practices across multiple large, distributed teams and departments. The organization wants a framework that aligns product development, Agile software practices, and systems thinking at a company-wide level. Which Agile approach is most suitable?","Crystal","Feature-Driven Development","Kanban","Scaled Agile Framework (SAFe®)",D,D,1/1,"Scaled Agile Framework (SAFe®) is the most appropriate choice for enterprises aiming to coordinate Agile practices across large, distributed teams while managing all aspects of the organization."
90,"During a sprint retrospective, the team has just completed its review of what went well and what could be improved. The product owner is eager to move forward but notices the team hasn't yet created a plan for incorporating the lessons learned. What should the team do next?","Develop an action plan for process improvements to implement in the next sprint","Review the product backlog and reprioritize based on stakeholder input","Begin planning the next sprint to avoid delays in delivery","Ask the product owner to schedule a follow-up meeting to discuss improvements",A,A,0/1,"Developing an action plan for improvements completes the purpose of the retrospective and ensures lessons learned are directly applied to the next sprint."
91,"While leading an Agile project, the project manager observes that stakeholders frequently request updates but seem unaware of progress already posted in the project room. What communication tool would best increase visibility and reduce these redundant update requests?","Schedule weekly presentations to summarize progress for all stakeholders","Set up and maintain clear, visible information radiators such as task boards or charts","Use a group messaging app to share real-time status updates","Post visual progress reports on the team's social media platform",B,A,0/1,"Information radiators improve transparency and stakeholder awareness, making them the most effective tool for minimizing redundant status requests in Agile projects."
92,"During a sprint review, the Agile project manager notices that the team's digital task board hasn't been updated in days. Only one person on the team regularly enters updates, while the rest ignore it. As a result, stakeholders are confused about progress and team members seem disengaged. What should the Agile project manager do?","Assign a team member to update the board daily to ensure accurate reporting","Replace the tool with a more automated project tracking system","Request that the product owner provide a summary of progress at each review","Transition to a physical task board or interactive team whiteboard to promote shared ownership and visibility",D,A,0/1,"Agile teams benefit from collaborative, visible tools that everyone can interact with. Shifting to a low-tech, shared board increases engagement, fosters transparency, and aligns with Agile principles."
93,"A project manager is facilitating a user story workshop with a diverse group of stakeholders. To keep the session productive, they encourage all participants to contribute within the first few minutes and use a round-robin approach to prevent dominant voices from taking over. What key principle is the project manager applying?","Focus on continuous improvement","Prioritize stakeholder influence","Enable inclusive collaboration","Establish shared ownership",C,A,0/1,"By fostering balanced participation and encouraging input from all voices, the project manager exemplifies inclusive collaboration."
94,"During a sprint retrospective, two developers strongly disagree on how to approach testing in future sprints. Their discussion becomes heated, and the rest of the team grows uncomfortable. The Agile project manager is concerned about the tension but also sees that both developers are offering valid viewpoints that could improve team performance. What should the Agile project manager do?","Encourage the team to explore both perspectives constructively and facilitate a follow-up discussion","Take over the discussion and make a decision to prevent further argument","Meet with each developer privately after the retrospective to de-escalate tension","End the retrospective early to prevent further conflict and plan a cooling-off period",A,A,1/1,"By encouraging constructive dialogue during conflict, the Agile project manager reinforces psychological safety, supports team learning, and models effective Agile leadership."
95,"While facilitating a brainstorming session to generate ideas for a new product feature, the project manager encourages the team to shout out thoughts freely without raising hands or waiting for turns. Although energetic, some quieter team members remain silent and visibly uncomfortable. Which facilitation technique would be most effective in encouraging full participation?","Continue the free-for-all method to maintain spontaneity","Ask the team to vote on the best ideas immediately","Allow side discussions to encourage informal sharing","Use quiet writing followed by round-robin sharing",D,D,1/1,"Quiet writing followed by round-robin sharing promotes inclusive engagement and balanced contribution, making it the most effective facilitation approach in this scenario."
96,"During a collaborative workshop, the project manager wants to help the team identify unnecessary or outdated features in the product backlog and encourage creative thinking about future possibilities. The team is asked to represent features as branches and remove those that no longer support the product vision. Which collaboration game is being used?","Remember the Future","Prune the Product Tree","Speedboat (Sailboat)","Buy a Feature",B,B,1/1,"Prune the Product Tree is the most effective game in this scenario, as it directly aligns with identifying and eliminating outdated features to focus the product backlog."
97,"A software team uses a visual board to track the status of tasks through stages like ""In Progress,"" ""Testing,"" and ""Done."" They also limit how many items can be in each stage to reduce bottlenecks and improve flow. Which Agile method is the team using?","Scrum","Lean","Kanban","Crystal",C,C,1/1,"The use of a visual board and WIP limits indicates the team is following Kanban, which is designed to manage workflow and reduce bottlenecks."
98,"A project sponsor asks for a quick summary of how the Agile team is progressing toward completion, how much work remains, and whether the project is on track to finish on time and within budget. The Agile project manager wants to provide objective, metric-based insight. What should the Agile project manager do?","Use key performance indicators (KPIs) such as velocity remaining backlog effort, and projected completion date","Refer to the team's most recent retrospective notes to explain current challenges and improvements","Share the iteration burnup chart to show what has been delivered during the current sprint","Explain the team's Agile values and emphasize their commitment to continuous improvement",A,A,1/1,"KPIs offer a clear, data-driven way to assess progress and forecast outcomes. Agile project managers use them to provide transparency and support effective decision-making."
99,"A developer has been unusually quiet during team meetings. The project manager privately checks in and discovers the developer is feeling overwhelmed and frustrated. The project manager listens, acknowledges their emotions, and works with them to adjust their workload and regain motivation. What soft skill is the project manager demonstrating?","Emotional Intelligence","Conflict Resolution","Active Listening","Negotiation",A,A,1/1,"The project manager's actions reflect emotional intelligence by identifying emotional signals, responding with empathy, and taking appropriate action to support the team member."
100,"During a project review meeting, a team member expresses concern about delays in completing user stories. The project manager not only listens to the words but also notices the speaker's body language and tone, responding with empathy and understanding. What type of listening is the project manager demonstrating?","Level 1 - Internal Listening","Level 2 - Focused Listening","Level 3 - Global Listening","Reflective Listening",C,B,0/1,"The project manager demonstrates Level 3 Global Listening by actively engaging with both verbal and nonverbal cues, promoting empathy and deeper understanding."
101,"A project manager is facilitating a stakeholder workshop to define project requirements. To ensure the meeting runs smoothly and productively, the project manager establishes ground rules, sets clear goals, manages timing, and offers guidance when needed. Which skill is the project manager demonstrating?","Participatory Leadership","Facilitation","Conflict Resolution","Workshop Planning",B,B,1/1,"The project manager is applying facilitation skills to guide the workshop toward its objectives while ensuring inclusive and structured participation."
102,"Two senior developers disagree on the design approach for a critical feature. The discussion begins as a healthy debate but escalates into personal attacks, each arguing that the other's solution would ruin the project. What level of conflict does this situation represent?","Level 1 Problem to solve","Level 2-Disagreement","Level B - Contest","Level 5- World War",C,A,0/1,"The situation reflects Level 3 conflict because the focus has shifted from collaboration to winning, which requires conflict resolution before it escalates further."
103,"During a sprint, the development team struggles to resolve an internal disagreement about how to implement a technical feature. The Agile project manager steps in to facilitate the discussion, encourages team members to listen actively, and helps them reach a consensus without imposing a solution. What role is the Agile project manager demonstrating in this situation?","Product backlog manager","Servant leader and coach","Technical decision maker","Stakeholder proxy",B,B,1/1,"By supporting collaboration without taking control, the Agile project manager exemplifies the servant leader and coaching role essential to effective Agile facilitation."
104,"During a team meeting, the project manager reminds the group that the success of the project depends more on how well the team collaborates than on which task management tools they use. What principle is the project manager emphasizing?","Processes drive consistent results","Tools are required for Agile compliance","Documentation enables traceability","Individuals and interactions over processes and tools",D,D,1/1,"By prioritizing collaboration and team dynamics, the project manager is aligning with Agile values that recognize people as the key drivers of project success."
105,"A product owner is meeting with the Agile team to clarify the acceptance criteria for several backlog items. They ensure the items are prioritized correctly and explain the release schedule during the planning session. What is the product owner primarily responsible for in this scenario?","Tracking team velocity and allocating tasks accordingly","Approving budget and resource usage for upcoming iterations","Managing the product backlog and ensuring shared understanding","Assigning story points and technical estimates for each user story",C,C,1/1,"By defining acceptance criteria and ensuring backlog clarity and prioritization, the product owner fulfilling their role in managing the product backlog and aligning the team's work with customer needs."
106,"Each morning, the development team gathers in the same location for a short meeting. Each member shares what they accomplished yesterday, what they plan to do today, and any blockers they are facing. Which Agile practice is this team using?","Sprint Planning","Daily Scrum","Sprint Retrospective","Scrum of Scrums",B,B,1/1,"The scenario clearly aligns with the Daily Scrum format, where each member provides updates and identifies blockers to support team synchronization."
107,"At the beginning of a new sprint, the Scrum team gathers to determine what can be accomplished and how to structure their work. The project manager encourages the team to reflect on their past capacity and organize their approach. What event is the team participating in?","Sprint retrospective","Product backlog refinement","Sprint review","Sprint planning meeting",D,D,1/1,"The sprint planning meeting aligns the team on what to accomplish and how to approach it, setting a clear foundation for the upcoming sprint."
108,"You're working with a newly formed Agile team tasked with building an innovative product in an emerging market. Stakeholders are unsure whether the solution truly meets customer needs. What should the team do first?","Begin building all planned features to deliver maximum value at launch","Schedule weekly meetings with stakeholders to review project progress","Develop a small product increment to test and validate market demand","Wait until full requirements are gathered before beginning development",C,C,1/1,"Developing an early product increment enables quick feedback and ensures the team is solving the right problem, aligning with the principle of experimentation and learning early."
109,"An Agile team is preparing to launch a new mobile app. The marketing department wants every planned feature included in the first release to make a strong impression. However, the development team is concerned about delays and risk. The Agile project manager wants to balance early delivery with stakeholder expectations. What should the Agile project manager do?","Recommend releasing a minimal viable product (MVP) with core functionality that provides immediate value","Postpone the release date to accommodate all features in a single, polished launch","Ask marketing to remove low-priority features without input from the rest of the team","Build a prototype with mocked-up screens to satisfy stakeholders while development continues",A,A,1/1,"By focusing on MVP delivery, Agile project managers ensure the team delivers usable functionality quickly while continuing to evolve the product based on real user feedback."
110,"A Scrum team is preparing for the next development cycle. The product owner confirms that the team will remain unchanged, and no mid-sprint adjustments will be accepted once work begins. The team sets a 3-week window to produce a potentially shippable product increment. What does this situation best describe?","Daily Scrum","Backlog grooming","Sprint","Scrum of Scrums",C,C,1/1,"The timebox, fixed team, and no mid-sprint changes clearly indicate that this scenario describes a sprint."
111,"During a daily standup, the project manager notices a usually energetic developer is unusually quiet, avoids eye contact, and finishes the update quickly without offering input on team issues. What should the project manager do to support the team member and maintain a healthy team environment?","Wait until the next sprint review to see if performance changes","Publicly ask the developer during the meeting to elaborate on their update","Privately check in with the developer to better understand any unspoken concerns","Escalate the observation to HR to assess potential personal issues",C,C,1/1,"By privately addressing the issue with empathy and attention to non-verbal cues, the project manager supports team well-being and proactively nurtures a collaborative team environment."
112,"During a sprint review, stakeholders express concern that a critical feature demonstrated by the team is not aligned with their expectations. The feature works, but it does not address the business need they originally described. What should the project manager do to ensure future deliverables better align with stakeholder expectations?","Facilitate more frequent and collaborative backlog refinement sessions with stakeholders","Ask the stakeholders to clarify their expectations in writing before the next sprint","Instruct the team to add more documentation and user stories to clarify deliverables","Limit stakeholder involvement until after product increments are fully developed",A,A,1/1,"Facilitating regular and collaborative backlog refinement keeps stakeholders involved, ensures that priorities are continuously adjusted to match business needs, and prevents future misalignment."
113,"An agile project team has been receiving inconsistent feedback from stakeholders, leading to misunderstandings about what features should be included and when they are considered complete. What should the project manager do to align the team and stakeholders around a common understanding?","Create a communication management plan to regulate stakeholder input","Establish a shared vision using tools like agile modeling, personas, and the definition of ""done""","Extend the iteration length to allow more time for clarification","Allow each team member to interpret stakeholder needs independently and report back weekly",B,B,1/1,"Using collaborative tools to establish a shared vision ensures consistent expectations across the team and stakeholders, reducing misunderstandings and driving project alignment."
114,"An Agile project manager notices that team members hesitate to suggest new approaches during retrospectives. The manager wants to foster a more creative and committed team environment. What should the project manager do first?","Establish a safe environment for experimentation and disagreement","Begin tracking all suggested improvements on a visible backlog","Assign each team member a turn to propose a new idea in each retrospective","Organize mandatory brainstorming sessions during every sprint review",A,A,1/1,"Creating a safe space for disagreement and experimentation empowers Agile teams to explore new ideas, deepen engagement, and improve continuously through trust and collaboration."
115,"During a sprint review, a stakeholder asks why the team is seeking feedback on a partially completed product. How should the project manager explain the purpose of this feedback?","To verify completion of the sprint backlog and formally close the sprint","To gather input before the full product is built, using completed increments to refine direction","To validate the business case before continuing development of remaining backlog items","To demonstrate the team's productivity and ensure no backlog items are missed",B,B,1/1,"Gathering feedback on completed increments ensures Agile teams stay responsive, align work with stakeholder expectations, and continuously improve through adaptive planning."
116,"A business representative working with an Extreme Programming (XP) team is actively involved in defining requirements, prioritizing features, and ensuring the project delivers business value. What role does this person fulfill in the XP methodology?","Coach","Tester","Programmer","Customer",D,A,0/1,"The customer role in XP is critical to steering the project by setting priorities and clarifying requirements, ensuring the product delivers the right value."
117,"A new team member asks for clarification on the primary artifacts used in Scrum. What should the project manager explain as the key artifacts the team uses to plan, track, and deliver work during the sprint?","Burnup chart, working agreement, and scope statement","Release plan, team charter, and status report","Product backlog, sprint backlog, and product increment","Lessons learned register, requirements traceability matrix, and quality report",C,C,1/1,"The product backlog, sprint backlog, and product increment are the core Scrum artifacts that structure planning, execution, and delivery within each sprint."
118,"During a project kickoff, the team realizes that strict adherence to a single Agile methodology will not meet the stakeholder's expectations due to compliance and documentation needs. They decide to integrate Agile delivery with traditional project controls to satisfy both flexibility and oversight. What Agile concept is the team applying?","Retrospective feedback","Servant leadership","Agile modeling","Process tailoring",D,D,1/1,"The team is using process tailoring to adjust their delivery approach and balance Agile flexibility with compliance needs."
119,"A team is using an Agile method that emphasizes software development best practices, such as continuous feedback, simplicity, and frequent code delivery. The project manager supports work prioritization, but the development team focuses heavily on technical practices like test-driven development and pair programming. Which Agile method is the team using?","Extreme Programming (XP)","Lean Software Development","Scaled Agile Framework (SAFe)","Kanban",A,A,1/1,"The team's focus on technical practices and frequent delivery aligns with Extreme Programming, which is centered around engineering excellence in Agile development."
120,"A team is about to begin a complex, high-risk project. To proactively prepare for challenges, the project manager organizes a meeting where the team imagines the project has failed, discusses potential causes, and identifies actions that could prevent those failures. What practice is the team applying?","Root cause analysis","Lessons learned session","Risk-adjusted backlog planning","Pre-mortem analysis",D,A,0/1,"By conducting a pre-mortem analysis, the team anticipates potential failures and integrates preventive measures before execution begins."