QNo,Question,Correct Answer,Selected Answer,Feedback
1,"1. An agile project is running activities to define the minimum viable product MVP. During the session, the project manager identifies some mandatory regulations, but there is no consensus to include these regulations in the MVP because if may extend the duration of the project. What should the project manager do?",,Train the team on the new regulations as requested by management,"In order to determine a usable product for the customer in each increment, the core value must be understood. Based on the essential value sought by the project, the bare minimum of how the value can be realized is established. As there are mandatory regulations that must be included, the project manager should get commitment from the team to include all of the required regulations."
2,2. The project sponsor on an agile project informed the project lead that an executive would like an update on the project’s progress. What should the project lead do?,,Invite the executive to the project’s meeting space to determine if the project information radiators met their needs.,"Important Note for the real exam: an information radiator is a comprehensive display of key team Information openly shared with all team members and other stakeholders and continuously updated. It includes information such as the Kanban or task board, the team velocity, continuous integration status, the progress of the team, and Sprint Burn down Charts (when on walls). The project lead/ scrum master should Invite the executive to the project’s meeting space to determine if the project information radiators meet their needs. An important question for PMP real exam."
3,"3. During the design phase, a project manager realizes that the project will benefit from using adaptive tools. The effectiveness of this approach has been proven in past projects inside the organization. What should the project manager do first?",,Confirm team capabilities before introducing adaptive tools and artefacts to the project,"As mentioned in the question (FIRST) The project manager should first Confirm team capabilities before introducing adaptive tools and artifacts to the project to see if the team needs training or ask the company to provide skilled, experienced team members."
4,4. Which of the following reflect key values listed in the Agile Manifesto? (Select all that apply.),,Individuals and interactions over processes and tools | Customer collaboration over contract negotiation | Responding to change over following a plan,The Agile Manifesto for Software Development was published in 2001 by thought leaders in the software industry. The intent was to propose a new way of developing software. It consists of 12 principles and 4 key values.
5,"5. A company has a lot of experience with predictive project the project management office (PMO) has been trying to implement iterative tools within the project management framework, and the project manager has been asked to use these tools in their current project, after the successful implementation of the iterative tools, the PMO asks the project manager to determine the benefits these tools brought to the project. What should the project manager do?",,Determine the data to be monitored during the project as well as the expected performance and targets.,Conduct reviews with stakeholders to discuss the potential benefits the approach may have to the project.
6,6. Your project expense has increased in the last quarter due to the required office space for personnel and some of their travel. What can you do from a resource management planning perspective to address this?,,"Plan to incorporate a virtual team environment, if not done already","A virtual team environment helps to move forward with projects that would have been canceled due to travel expenses, and save expenses of the office and physical equipment for employees. In this arrangement, project team members need not work face to face, and facilities like video conferencing may be used. Bringing all team members into one location incurs more expenses due to relocation and possible higher office rates at that location. The option to reduce office and travel costs does not exactly specify how to reduce it."
7,7. Some of your team members seen to be not cooperating with each other. There is a lack of mutual support and they are coming to you for decision making on small issues. What can you do to make this better?,,Initiate team building to increase trust among team members,Members using team-building activities will improve the situation. Involving the team in project management and decision-making on behalf of the project manager will not improve the teamwork. There may be teaming issues due to cultural diversity which may also be addressed by team building activities.
8,8. A lead business analyst on a large project has consistently been working late to finalize requirements for the next sprint. In the weekly team lead meeting. The project manager learns there are several business analysts on the team who have free cycles. What should the project manager do to ensure an even workload?,,Facilitate a discussion within the team to redistribute the work within the project team.,"Since there are several business analysts on the team who have free cycles, the project manager should facilitate a discussion within the team to redistribute the work within the project team."
9,9. The change control board (CCB) is evaluating a recently submitted change request. The project sponsor wants to deny the request. Another stakeholder is in favor of deferring the request until a later date. The project manager and other stakeholder feel it is best to approve the request. The project manager is unsure how to proceed since there is disagreement among the stakeholders. What should the project manager do?,,Consult the project management plan,"The description provided by the question indicates that the Perform Integrated Change Control process is underway. One of the tools and techniques associated with the Perform Integrated Change Control process is decision making. Decision-making techniques include voting which can take the form of unanimity, majority,or plurality to decide whether to accept, defer, or reject a change request. The project management plan establishes the criteria for which change requests are approved, rejected, or deferred. Therefore, the project manager should consult the project management plan in order to determine the approved decision-making technique in this scenario. Note, that the change management plan is the specic component of the project management plan that establishes the change control board and documents the extent of its authority. However, the change management plan was not listed as an answer choice. Since the change management plan is a subsidiary of the project management plan, consulting the project management plan is the best response.(PMBOK Guide) – Sixth Edition, Page(s) 113, 115, 119"
10,10. A project manager wants to measure velocity as the indicator of the agile team’s progress. Which of the following metrics is best for the project manager to use for this purpose?,,The number of user story points completed by the team per iteration,"Velocity is typically calculated as the sum of story points sizes for the features actually completed during an iteration. (Agile Practice Guide -PMI , Page(s) 61, 64)"
11,11. Which option best describes the Sprint Review?,,A meeting to give clients and other interested parties an opportunity to inspect the work done in the sprint and give feedback.,"A review at the end of each iteration with the Product Owner and other customer stakeholders to review the progress of the product, get early feedback, and where the Product Owner reviews and accepts the stories delivered in that iteration."
12,12. Choose the title in the Kanban board below that require additional resource to relive the bottleneck?,,Coding,"Code is the correct answer because it represents the work in progress ( WIP ) and requires additional resources to relieve the bottleneck. In the Kanban Method, it is more important to complete work than it is to start new work. There is no value derived from work that is not completed so the team works together to implement and adhere to the work in progress (WIP) limits and get each piece of work through the system to “done."
13,"13. During the sprint planning meeting, the amount of work necessary for fulfilling the items requested by the product owner seems greater than the development team’s capacity. Which action makes more sense?",,"The development team and product owner collaborate, with a view to removing or modifying items","The Development Team and Product Owner collaborate,with a view to removing or modifying items."
14,14. Tracking project impediments in a scrum project is whose primary responsibility?,,Scrum Master,"(Scrum Master ) The coach of the development team and process owner in the Scrum framework. Removes obstacles, facilitates productive events, and defends the team from disruptions."
15,15. A project manager is working in a hybrid environment using both waterfall and agile frameworks which causes some confusion about who does what throughout the project. What can the project manger do to help clear the confusion?,,Invite the project sponsor to the project kick-off meeting,Develop the resource management plan by defining the roles and responsibilities.it will clear this confusion.
16,16. Project manager communicates to stakeholder that the project charter was approved. The project manager is working on the project management plan and receives an email from an environmental organization asking for the objectives and start date of the project. What should the project manager do to address the situation?,,Respond to the email with the requested information.,"Since the project in the planning phase and the environmental organization did not identified before ,the project manager should first Conduct a stakeholder analysis to learn about their Major requirements, expectations, the potential for influencing project outcomes and communicate to stakeholders accordingly."
17,"17. You are leading a software development project, which requires knowledge of several programming languages. During project execution, one of the developers has been pulled out of the project by her functional manager. The manager provided you with another developer instead. What should you do first?",,Provide the new developer with an ability test,"An ability test would provide an assessment of the new developer's existing competencies in order to determine what, if any, gaps in skill set exist and how they might be addressed."
18,18. You are always struggling with resource supply for your project as they are shared across various. Who should you escalate this issue to?,,The procurement manager,"Shared resources are usually administered by the PMO. Note that portfolio management (not listed as an option) is responsible to ensure resource supply in an organization, therefore, will also prioritize and allocate (plan) overall resources.[PMBOK 6th edition, Page 48]"
19,19. The business is anxious to get a portion of the project’s creations out into the marketplace to get end user feedback and impressions before the entire product is finished. What must the project team establish for their release to end users?,,The minimal viable product,(Minimum Viable Product) The smallest collection of features that can be included in a product for customers to consider it functional.
20,20. A project manager is starting a new project and has identified an opportunity to use the iterative tools. One of the senior managers is concerned about this modified framework as it new to the company. What should the project manager do first?,,Organize individual’s sessions with the stakeholders to build awareness and trust in the new framework.,Organize individual sessions with the stakeholders to build awareness and trust in the new framework.
21,21. A company is initiating a project to enhance one of its existing products. All of its products are developed internally. What should the project manager do?,,Review the lessons learned from the previous project,"As mentioned in the question (initiating a project) in the initiating phase, the project manager should review the lessons learned from the previous project."
22,"22. A project team is currently building a warehouse management system. Due to the complexity of the project and ambiguous requirements, the team decided to adopt an agile management approach. If a higher rate of management can help achieve this objective?",,Frequent retrospective and selecting improvements,"Deferring the development until the design is complete is a waterfall approach. Using a kanban board can help managing the work but frequent retrospectives can really facilitate process improvement by allowing the team to brainstorm on what went well and what went wrong. [Agile Practice Guide, 1st edition, Page 32]"
23,23. You are helping a software development team transition from traditional to agile approaches. You tell the team that the single most important attribute of any product or feature is:,,The value customers associate with that product or feature.,"A successful project, product, or feature is one that delivers value to the customer. Customers usually do not care how teams develop products, however, they do care if the product delivers value to them or not. [Agile Practice Guide, 1st edition, Page 4]"
24,"24. A skilled project manager should have the necessary expertise to identify appropriate project management approaches (traditional vs. Agile) and tailor the tools, techniques, and methods for each project. What are these skills called?",,Technical project management skills,"This is an example of technical project management skills. [PMBOK®? Guide, 6th edition, Page 58]"
25,"25. During project execution, the client provided updated requirements, which apparently will only require a minor adjustment to the work breakdown structure (WBS). What should you do first?",,Submit a change request to update the scope baseline,The WBS is a component of the scope baseline. An approved change request is required to update any of the project baselines.
26,26. The technology market is very competitive and getting its product out to market quickly is one of the critical factors for the success of a ethnology start-up. An agile team launches the product with minimal features and plans to learn from the early adopters’ feedback. What agile tool or technique is the team embracing in this situation?,,Minimum viable product (MVP),"Minimal viable product (MVP) is a technique that allows the team to create a new product with minimal features but in a sufficient manner to be able to share with early adopters to collect relevant data, and to learn from it. Agile Practice Guide - First Edition, Page(s) 23"
27,"27. A project manager is starting a project using a hybrid approach. The customer decided on a major change for the project design. This change was approved. The software team leader who is supposed to develop the software refuse to commit to delivery dates, claiming that they work using an agile approach and cannot commit to the final delivery date. The hardware team depends on this software to develop their part of the product. As a project manager, what should you do?",,Update the risk register with risk and monitor it according to the risk management plan.,"As mentioned in the question (using a hybrid approach) .. Hybrid approach is a combination of predictive, iterative, incremental, and/or agile. The project manager should ask the software team leader to use a predictive approach and commit to the delivery date. And can follow agile to develop the hardware."
28,"28. During the retrospective ceremony, the agile team is talking about the product owner’s expectations not being met. What should the project manager have done at the beginning of the project?",,Communicated project vision and spring goals clearly to the team.,Communicated project vision and sprint goals clearly to the team.
29,"29. During the implementation phase of a project, a new regulation affects the project, and a critical states meeting discussing the scope changes is required. The project manager discovers that a key stakeholder cannot attend the scheduled meeting what should the project manager do?",,Meet with the stakeholder  prior to the meeting to obtain their opinion,The best action the PM should meet with the stakeholder prior to the meeting to obtain their opinion.
30,30. A project manager is acting as a scrum master in a hybrid project and is dealing with a conflict between team members. What strategy should be used to handle this conflict?,,Place conflicts into categories: structural and interpersonal,"Conflict may have both positive and negative effects on a team. It can help the team operate better by exploring issues more fully, but it can lead to emotional problems that damage communication. so, the correct answer is: Sort conflicts into two groups: positive and negative."
31,31. A project manager is leading a virtual team that is geographically dispersed. What should the project manager do to avoid uncertainty in the project due to different cultures?,,Gather relevant cultural data and engage members in discussions covering their work ethics.,Gather relevant cultural data and engage members in discussions covering their work ethics.
32,32. A government agency has recently introduced new standards that may significantly impact the project. The deliverables must be changed to align with the new quality standards. What should the project manager do?,,Evaluate the impact the new regulations will have on the project and submit a change request,The project manager should first evaluate the impact the new regulations will have on the project and then submit a change request to CCB to take approval to update the quality management plan.
33,33. The project is approaching the end. Several tasks are now practically complete and ready for handover to the client. How should the project manager proceed?,,Ask the client to verify and accept the tasks that have been completed,Ask the client to verify and accept the tasks that have been completed. Option (Close out the project tasks that have been completed) Not correct because the tasks should be accepted first by the customer then close out.
34,34. A project manager has a team of shared resources from other projects who are working on a client project. Three days before the project is due. The team informs the project manager that the project will be delayed because a component was not delivered on time competing priorities of the shared resources are delaying delivery of the component. What should the project manger have done to prevent this delay from happening?,,Maintained constant communication with the stakeholders of the other projects,Maintained constant communication with the stakeholders of the other projects.
35,35. A team is ready to start working on a project with a customer who was very difficult to work with in the past because the customer was unable to describe exactly what they wanted. What approach should the project manager take to remove this impediment?,,Work with the product owner to define the minimum viable products(s),Work with the product owner to define the minimum viable product(s).
36,36. During which period did the team complete no story points at all?,,B,"Area B represents approximately the next 2 days of the iteration. The exact number of days in this area is not important. What important is that the curve of the story points remaining to be completed is at, meaning the team did not complete any work at all. Finding the reason for why this occurred may help the team improve the process going forward."
37,"37. You have been appointed a project manager within an information systems organization. You are not aware of the organization’s policies and procedures. If you want to know more about the organization’s general issues management procedures, which of the following should you review?",,Organizational process assets (OPA),"Organizational process assets are the plans, processes, policies, procedures, and knowledge bases specific to and used by the performing organization. They include any artifact, practice, or knowledge from any or all of the organizations involved in the project that can be used to perform or govern the project. The process assets also include the organization’s knowledge bases such as lessons learned and historical information."
38,"38. A project manager liked to hold meetings on a weekly basis with his team members. These meetings resembled brainstorming sessions, where ideas were generated regarding existing risks and project issues. The project manager never struck down any idea and, instead, attempted to foster an environment where creativity, innovation, and sharing of ideas were encouraged. What type of leadership style does this project manager use?",,Transformational,"Transformational is a form of leadership style where the leader encourages the ideas of others, innovation, and creativity."
39,"39. Within a predictive life cycle, which of the following serves as the basis for estimating costs?",,WBS,"The WBS serves as the basis for estimating costs. It is an input to the Estimate Costs process through the scope baseline, which is part of the project management plan. It contains all the project deliverables and the control accounts associated with work package elements."
40,40. Which of the following describes the spectrum of the Conscientiousness domain included in the Big Five personality assessment?,,Efficient versus careless,"The Five-Factor Model, also known as the Big Five personality traits, is a personality survey that identifies five broad dimensions used to describe an individual’s personality. The five factors are openness to experience, conscientiousness, extraversion, agreeableness, and neuroticism. The conscientiousness domain measures where individuals fall on the spectrum of efficient versus careless."
41,"41. As project manager , you decide to build a prototype. What value do prototypes provide?",,Provide customers with a preview of the product,Prototypes allow for early feedback on the requirements for further refinement and clarification. They are a technique used as part of the Collect Requirements process.
42,42. You are in the process of facilitating a working session with the project team to decompose the project deliverables into smaller chunks of work. What process are you carrying out?,,Create WBS,"You are carrying out the Create WBS process. The purpose of the process is to subdivide the project deliverables and project work into smaller, more manageable components."
43,"43. A team crowds around a board that contains cards categorized in the following way: to do, doing, and done. As team member capacity opens, they grab a card from the “to do” category and begin work. The team focuses on getting work done versus starting new work. What type of Agile approach is the team using?",,Kanban,"Kanban is an agile approach that is often used in manufacturing projects but also makes a presence in the information technology field. Using Kanban, the work is balanced against available resources or available capacity for work. It’s a pull-based concept where work progresses to the next step only when resources are available."
44,"44. Activity A has a probability of 10 percent and an impact of $4,000. What is the expected monetary value of Activity A?",,400,"The formula for calculating expected monetary value is probability times impact. Plug in the values to get the following: 10% × $4,000 = $400."
45,"45. You are in the Planning stage of the project and have just kicked off activities associated with the Determine Budget process. In addition to the cost baseline, what is a likely output of this activity?",,Cost management plan,"The Determine Budget process yields the cost baseline, project funding requirements, and updates to project documents. The project funding requirements represent the total funding requirements and periodic funding requirements of the project."
46,"46. Your organization is experiencing a shake-up at the top levels of management. Your project team has expressed concerns that their project might be canceled because of the changes going on at the top. Thankfully, the new management team has decided to continue with the project. Before the shake-up happened, you were in the Monitoring and Controlling process group, and your next step was to check for correct work results to make certain they comply with the standards set out in the quality management plan. One of the results you’ve inspected measures 70 miles per hour. The quality management plan outlined standards between 65 and 75 miles per hour. Which of the following does this describe?",,Statistical sampling,The quality management plan may describe measurements that fall within a specified range. These are called tolerable results.
47,"47. The stakeholder approaches the project manager to report that the schedule must be adjusted to finish one week earlier than originally planned. If a predictive approach is used to manage the project, what would be the preferred approach for the project manager to take in order to make this happen?",,Crash the schedule,"The project manager has told the scheduler that the schedule must be compressed by one week. That means that we will use one of two schedule compression techniques: crashing or fast-tracking, both of which are options. When possible, select the lowest-cost option first, which would be fast-tracking."
48,"48. Aseel is a project manager tasked with managing an infrastructure project that will consolidate five data centers into one. She has used a waterfall approach to carry out initial planning activities and is executing the work using an Agile-based approach. Recently, the sponsor has asked Aseel to provide a forecasted date of project completion. To date, the team has managed to complete an average of 60 story points per iteration, and there are 420 remaining user story points left to complete. How many iterations will it take to complete the project work?",,7 iterations,"If the team maintains a velocity of 60 story points per iteration, it would take seven iterations to complete the remaining 420 story points."
49,"49. Within predictive life cycles, this term is used for both costs and schedules to establish what you’ll measure against later in the Executing and Monitoring and Controlling processes.",,Variance,Cost baselines and schedule baselines are used to measure performance in the Executing and Monitoring and Controlling processes.
50,"50. What is the difference between inspection and prevention, in regard to quality?",,"Inspection keeps errors from reaching the customer, while prevention prevents errors from occurring.","The correct answer is that inspection keeps errors from reaching the customer, while prevention prevents errors from occurring."
51,51. A predictive life cycle approach is characterized by which of the following? (Select two.),,"Scope, time, and cost are determined in the early phases of the life cycle. | Change is constrained as much as possible.","A highly predictive (waterfall) life cycle typically has detailed specifications, with requirements defined up front before work begins. A highly adaptive life cycle (Agile) has requirements that are progressively elaborated on, and delivery occurs frequently. Change within a predictive life cycle is constrained, while adaptive encourages change to be incorporated in real time during delivery."
52,52. Aseel is a project manager tasked with managing an infrastructure project that will consolidate five data centers into one. She has used a waterfall approach to carry out initial planning activities and is executing the work using an Agile-based approach. She shows the team how much work remains to be completed during their current iteration and the forecast of work to be completed for the remaining iterations based on existing velocity. What is Aseel showing them?,,Burndown chart,"A burndown chart is used to track the remaining work to be completed against the backlog. It shows work completed to date by iteration and the forecasted rate at which the team will complete the remaining work over the remaining iterations, based on velocity."
53,"53. Within Agile approaches, how are requirements documented?",,In the backlog,Requirements are documented through user stories that make up the backlog. The user stories are then prioritized and refined.
54,54. You are developing the cost baseline and the project budget. You know that all of the following are true regarding these two elements except for which one?,,The project budget includes management reserves.,The project budget includes the cost baseline. Option C has it backward.
55,"55. Astral Bank is known for providing its customers with superior online services through its use of cutting-edge technology. The latest project includes the ability for customers to electronically sign for loans. Currently, the project is in its third week of executing the project work, and the project manager noticed that a key resource has been over-allocated. What technique is the project manager likely to use to resolve this issue?",,Resource leveling,Resource leveling involves leveling out resource usage to resolve over-allocation of resources and/or to level out the peaks and valleys of resource usage over time.
56,56. What is the role of a servant leader?,,"To facilitate the Agile events, including daily stand-up","According to the Agile Practice Guide, the role of a servant leader is to facilitate the team’s discovery and definition of Agile."
57,"57. Aseel is an enterprise project manager for Cups on Fire. To date, she has identified risks, analyzed them, and developed risk responses for her project. What activity is she likely to carry out next?",,Develop a risk management strategy,"Based on the activities Aseel has already carried out, the next logical step would be to begin implementing the risk responses based on plans documented in the risk register. While some risk responses are implemented when risk triggers occur, others are implemented immediately to avoid or exploit a risk."
58,"58. You are the project manager for Kitchens Plus Inc. The latest project involves the development of an automatic dicer with unique industry features. The project uses a predictive life cycle, and you are analyzing schedule performance. Based on the information provided by the scheduling team, the current schedule performance index (SPI) is at 1.10, while the cost performance index (CPI) is at 0.80. What might be a good strategy for balancing out performance between the schedule and budget?",,Level out resource usage to further spread out cost over time,"Based on the performance indexes provided, the project is 10 percent ahead of schedule but over budget. Leveling out resource usage is a strategy used to spread out costs over time. This helps in reducing sudden spikes in spending, although it may lead to lengthening the schedule."
59,59. This earned value management calculation is the projected or estimated cost performance that the remaining work of the project must achieve to meet the BAC or EAC.,,Forecast,The to-complete performance index (TCPI) is the projected cost performance the remaining work of the project must achieve in order to meet the BAC or EAC.
60,"60. Igor is a software developer for a large IT consulting company. Mary, the team lead, has just informed him that the project manager has compressed the schedule by two weeks, and as a result, she is requiring the team to work weekends to accommodate the release. The team has a high degree of respect for the project manager, and they happily comply. Which of the following is a type of power that is based on the respect or admiration that others hold for an individual?",,Reward,"There are five types of power that a project manager can utilize. These include formal, reward, penalty, expert, and referent. The question asks for the one that is based on the respect or admiration that others hold for an individual, which is referent power."
61,"61. Your customer has decided that you cannot go forward with the project you’re managing without a change to the agreed-upon WBS. A contract amendment is agreed on and signed, the change control system processes are followed, and you modify the appropriate planning documents to reflect the change. As a result of the approved change, substantial updates to the project costs and the project schedule occur as well. Which of the following is not true regarding this situation?",,The PMB is determined using EVM.,"The performance measurement baseline consists of the schedule, scope, and cost baseline. The cost baseline does not include management reserves; therefore, the PMB does not include them."
62,"62. Mido is the project manager of a project that has been described as revolutionizing the mobile fitness tracking industry. After a few preliminary strategy sessions, he pulls together the core team and notes that they will be defining deliverables early in the development life cycle and progressively elaborating them as the project progresses. What development life cycle is Mido following on the project?",,Hybrid,"There are four development life cycles: predictive, iterative, incremental, and hybrid. The iterative development life cycle defines project deliverables early in the development life cycle and progressively elaborates them as the project or life cycle progresses."
63,"63. A project manager is providing guidance to the project team on the steps required to generate the work breakdown structure (WBS). She lists the following: 1) identify the deliverables and work, 2) organize the WBS, 3) decompose the WBS components into lower-level components, and 4) assign identification codes. What is the fifth step?",,Decomposing the work packages into activities,"According to the PMBOK® Guide, decomposition of the total project work into work packages involves the following five steps: 1) identifying and analyzing the deliverables, 2) structuring and organizing the WBS, 3) decomposing the WBS into lower-level components, 4) developing and assigning the identification codes, and 5) verifying the degree of decomposition of the deliverables."
64,"64. Mido and Aseel are two executives of Widgets for Life, a company providing the latest cool lifestyle gadgets. They have recently selected the next big project and have assigned you as the project manager. This activity is associated with what process group?",,Initiating,"The scenario describes the early stages of a project, where the project has just been selected and a project manager has been assigned. This occurs in the Initiating process group."
65,"65. The project processes are iterative, are results oriented, and interact with each other. Shewhart and Deming developed a concept that reflects this idea. Which of the following is the name of this cycle?",,Plan-Do-Check-Act,"The Plan-Do-Check-Act cycle was developed by Shewhart and later refined by Deming. It reflects the iterative, results-oriented, and interactive nature of the project process groups."
66,66. Your customer has requested a specific color for the product your project is producing. This is an example of which of the following?,,Product description,Requirements are the specifications of the deliverables and tell you how you know the deliverable was completed successfully.
67,67. Which of the following motivational theories states that the expectation of a positive outcome drives motivation?,,Expectancy Theory,"The Expectancy Theory, proposed by Victor Vroom, states that the expectation of a positive outcome drives motivation. In other words, people will behave in certain ways if they think there will be good rewards for doing so."
68,"68. Aseel is a project manager working for Dancing Apron, a company that combines cooking with simple children’s cooking recipes and music. Her latest project involves the release of the company’s first digital product that parents will be able to purchase and download online. While overseeing the project, Aseel notices that recent stakeholder engagement levels have dropped significantly, and they’ve begun to disagree during status meetings. What key input can she use to help her deal with the situation?",,Work performance data,"The question is asking for an input that can be used to address the engagement level of stakeholders. The scenario involves the Monitor Stakeholder Engagement process. Interpersonal and team skills and decision-making are tools and techniques and therefore not the correct choices. Since the project management plan contains the stakeholder engagement plan, which documents the strategy for engagement stakeholders, this is the best option. Other useful components of the project management plan also include the communications management plan and resource management plan."
69,"69. Henry recently joined a rapidly growing technology startup company as a project manager. The approach to managing projects is different from the compliance-driven projects he is accustomed to managing in the past. He inherits a project that contains a great deal of uncertainty, with minimal requirements identified to date. To remedy this, he gathers the team and informs them that they will focus on nailing down the requirements before execution of work can continue. He is met with a high degree of resistance. What is the likely reason for this pushback from the team?",,They are accustomed to using a predictive approach to managing projects.,"Henry is attempting to manage the project using a predictive approach, which aims to identify the majority of requirements early on in the project’s life cycle. A technology startup environment, coupled with a high-uncertainty project, is likely to lean toward an adaptive approach to managing projects."
70,70. A product manager meets with the team to apprise them of changes to how the upcoming project will be managed. She notes that the focus will now shift to producing deliverables through iterations and that iterative scheduling with a backlog will be used to account for the uncertainty in requirements. What is the value of this approach?,,It delivers value incrementally.,"The product manager is using an incremental approach to carry out the project. This method generates incremental value to the customer through its frequent delivery cadence, short and frequent feedback loops, and ability to reprioritize and adapt based on changing or clarified requirements."
71,71. The project manager facilitates the implementation of approved changes by following the documented change control process. Which of the following is a valid tool or technique to assist the project manager in performing this activity?,,Change log,"The project manager is currently performing the Direct and Manage Project Work process. Of the options provided, project management information system (PMIS) is the only tool or technique listed. The change log and approved change requests are inputs to the process, while work performance data is an output."
72,"72. Ken is a product owner for a new product and is integrating smart technology into refrigerators. The latest project aimed to incorporate new features into the product. These features involved the use of facial technology to recognize members of the household as they walked by, displaying tailored recommendations on a panel within the refrigerator, such as favorite recipes or encouraging comments. Recently, Ken received the news that a competitor beat his company to market, and a window was missed. The project was cancelled. The competitor had recently showcased its technology in a key annual appliance conference, but Ken was not able to attend. What did Ken fail to do?",,Incorporate a prototype into the project so that he may have demonstrated the product at the same convention.,"It is important to monitor ongoing changes to the external business environment that may impact current or future projects. This is an element of enterprise environmental factors, a key input to many project management activities."
73,73. You are a project manager for Fly Me to Miami travel services. You are in the process of documenting and distributing project information. You know all of the following statements are true regarding information exchange except for which one?,,The receiver is responsible for understanding the information correctly.,"Both senders and receivers transmit information they receive through their knowledge of the subject, cultural influences, language, emotions, attitudes, and geographic locations. Senders should keep this in mind when preparing their messages. Senders are responsible for communicating the information clearly and concisely, and receivers are responsible for understanding the information correctly."
74,"74. Your project selection committee is considering four projects. Project A’s NPV is positive, it has an IRR of 14 percent, and the payback period is 21 months. Project B’s NPV is negative, it has an IRR of 9 percent, and the payback period is 16 months. Project C’s NPV is positive, it has an IRR of 16 percent, and the payback period is 18 months. Project D’s NPV is negative, it has an IRR of 16 percent, and the payback period is 13 months. Which project should you choose?",,Project C,"Payback period is the least precise of all cash flow calculations, so you shouldn’t give this a lot of consideration if NPV is positive and IRR is greater than 0. Since Project B and Project D both have a negative NPV, they shouldn’t be chosen. Project C has a higher IRR value than Project A and should be the project you choose, even though its payback period is longer than that of Project A."
75,75. Which of the following best describes the focus of Agile teams?,,To deliver business value often,"Agile teams tend to place greater importance on delivering business value often. For this reason, emphasis is placed on frequent feedback, frequent delivery, and remaining adaptable to changing or evolving requirements."
76,76. Which project management document provides the project manager with the authority to apply organizational resources to project activities?,,Resource management plan,The project charter not only authorizes the existence of a project but also provides the project manager with authority to begin applying organizational resources to project activities.
77,77. A project manager looking to increase cross-team collaboration and create a more cooperative working environment is likely to do what?,,Hold team-building activities,"Team-building activities increase team collaboration and social relationships, as well as foster a cooperative working environment. A team benefits from continuous team-building activities throughout the life of the project; it is particularly important during the early stages of a project, when relationships among team members are not yet developed."
78,78. You’ve derived cost estimates and allocated them to the activities of your project. You know that these estimates will be used to measure cost variances and performance throughout the remaining life of the project. The cost baseline has been established and becomes the expected cost of the project. Which process did you perform to arrive at the cost baseline?,,Develop Costs,The Determine Budget process establishes the cost baseline for the project and is an output of this process.
79,"79. Immediately after a morning planning meeting, the project manager and the development lead hold an impromptu discussion about the schedule for a project they are working on. During their discussion they uncover that each thought a set of deliverables was going to be completed at different points in the schedule. In light of this new revelation, they agree to update the schedule and share the information with the rest of the team. What is the best type of communication to use when dealing with complex issues, such as this one?",,Formal written,"All of the options listed are types of communication. When dealing with complex issues, it is best to use a written format that is formal. Formal written is also the best choice when working with other cultures, communicating over long distances, updating a plan, or dealing with legal matters."
80,"80. A project manager leading a multiphase construction project is beginning to perform the risk management processes. Because of the project’s complexity and the amount of money invested in the project, the project sponsor stressed the critical nature of managing risks. The project manager took this advice seriously and brought together a risk management team. Alongside the risk management team, the project manager worked on the development of the risk management plan. Which of the following is not likely to be covered within the risk management plan?",,When and how often to communicate with stakeholders throughout the project,"While the risk management plan covers the details of risk-related reports and formats, it does not cover all of the communication requirements of project stakeholders. This is addressed within the communications management plan."
81,"81. The project manager of an accounting firm has team members located across the globe for his latest high-tech project. The project will make use of cutting-edge technology that is not widely used yet. In this scenario, what is the key benefit to having a virtual team?",,It allows for multiple cultures to collaborate.,"While several benefits to virtual teams are included within the various options, this particular project requires a specialized skill set. Since virtual teams widen the resource pool available, with team members potentially located across the globe, it allows for this unique resource need to be met. Without the use of virtual teams, the project may not have been possible, or it may have been very costly due to relocating team members or frequent travel."
82,"82. You are using a hybrid life-cycle approach to manage your project and are creating the cost management plan. You have talked with your project sponsor and CFO and will document that you are rounding to the nearest thousand and will be using weeks to estimate resources. What two elements of the plan does this describe, respectively?",,Level of accuracy and units of measure,"Level of accuracy describes your rounding precision, and units of measure describes how you will measure resources, for example, days, weeks, months."
83,"83. Stakeholders in some industries prefer to deal with programmers and system analysts directly, bypassing project managers. This complicates managing resources on projects How should a project manager solve this issue?",,Promote the adoption of the communications management plan with the project team.,This is a communication problem. So the project manager should promote the adoption of the communications management plan with the project team.
84,"84. An agile team has been struggling to keep up with the planned pace, which is frequently resulting in sprint failures what should the project manager do to help avoid this situation in the future?",,Review the velocity of the team over the last several sprints and adjust the plan accordingly,Review the velocity of the team over the last several sprints and adjust the plan accordingly.
85,85. A project manager is leading an in-house company project in its very early stages. This current project is similar to another project that ended a year ago. What should the project manager do to analyse the involved stakeholders?,,Use lessons learned from the previous project as a guide for the current project’s stakeholders register,"Use lessons learned from the previous project as a guide for the current project's stakeholder register. Because he can find information about the preferences, actions, and involvement of stakeholders."
86,86. If the project manager wants to ensure that the work carried out and the product being created do not deviate from the prescribed business value. What should the project manager pay special attention to in order to achieve this goal?,,Monitoring and updating the benefits realization plan,"As mentioned in the question (business value) The project manager should pay special attention to Monitoring and updating the benefits realization plan to ensure that the work carried out and the product being created do not deviate from the prescribed business value. BENEFITS REALIZATION PLAN: A document outlining the activities necessary for achieving the planned benefits. It identifies a timeline and the tools and resources necessary to ensure the benefits are fully realized over time. It defines Benefits and associated assumptions, and how each benefit will be achieved."
87,87. There is a conflict between two members on how they compete a task. The conflict is not yet escalated to the project manager and there is no impact to the project. What should the project manager do?,,Allow the project team members to find a resolution to their conflict.,"Since the conflict is not yet escalated to the project manager and there is no impact on the project, the project manager should allow the project team members to find a resolution to their conflict."
88,"88. You are a project manager managing a construction project. The project schedule is negatively impacted due to one team member’s performance. If the project’s deliverable due date are approaching, what should you do as a project manager?",,Mentor the team member,Mentor the team member is the best option and will be the first action to do. Schedule training sessions for the team member will take more time and the project is impacted negatively.
89,"89. A recently appointed project manager is in constant conflict with a senior manager. Since this is not ideal for the team, the project manager wants to resolve this. What should the project manager do?",,Request scheduled face-to-face meetings with the senior manager.,The project manager should Request scheduled face-to-face meetings with the senior manager. This is an example of problem-solving technique ( The best Conflict Resolutions technique).
90,"90. Your software development project is in initiation. The sponsor wants to take advantage of early revenue from incremental delivery and pushes to use an agile approach. However, the team is strongly opposed to agile due to strife among the team members. They insist on a predictive approach so they can work independently with individual task assignments. What is your best course of action to address these conflicts?",,Recommended to lead the project using a hybrid project management approach,"""A hybrid approach would provide the opportunity for early revenue generation through incremental delivery as requested by the sponsor while allowing the project team members to work independently with individually assigned tasks."
91,"91. A new project manager has just replaced a project manager who was managing a city street light installation project. The project is in its execution phase. During the first risk review meeting, the new project manager notices that the version of the register used by the project team members is different from the one the project manager is using. What should the project manager have done to avoid this situation?",,Validated the project artefacts,Validated the project artifacts.
92,"92. A project manager has joined a company in an unfamiliar industry and has been given a strategically important project being new, and not fully understanding the interdependences of the various departmental work items, the project manager is unsure of how to plan the project. How should the project manager proceed?",,Consult a senior project manager within the organization and request their expert judgment,Consult a senior project manager within the organization and request their expert judgment.
93,"93. An organization is transitioning from predictive to agile. Based on the requirements, the project team project estimates the budget and decides to use a fixed-price contract with its vendor. However, during the execution of the project, the requirements evolve and priorities start to change constantly, which puts the project and the estimate at completion (EAC) off by 50% what should the project manager do next?",,Meet with the stakeholders to recommend the use of a time and materials (T&M) contract to address the problem.,"TIME & MATERIAL contract is the best when you use agile project management. So, Meet with the stakeholders to recommend the use of a time and materials (T&M) contract to address the problem."
94,"94. In an agile project, the project manager finds that the team members are involved in several different projects due to budget constraints. As a project manager, what should you do?",,Request the project sponsor prioritize and if necessary allocate additional budget so the team can work on a single project,"The agile team should work on a single project. SO the project manager should Request the project sponsor to prioritize and if necessary, allocate additional budget so the team can work on a single project."
95,95. Agile project stakeholders are requiring ongoing illustration of project business value. How should the project manager proceed?,,Include demonstrations of the built portion of the product at the end of every sprint.,Sprint Review. A four-hour timebox event is held at the end of the sprint. The team demonstrates the product/changes to customers and gathers feedback on what to incorporate in the product backlog for delivery in subsequent sprints. SO Include demonstrations of the built portion of the product at the end of every sprint.
96,"96. An agile team is developing a product for a customer. In the last few iterations, the team members spent extra hours creating product documentation and reviewing the contracts with the customer. How would the team’s time been better spend?",,Creating the product increment and working with the product owner,"""Creating the product increment and working with the product owner"" is the best answer among the choices given, as it represents value to the customer and is aligned with the Agile Manifesto values of creating working software and collaborating with the customer (or with the product owner who is the voice of the customer)."
97,97. You are a project manager in a construction project. What should you do to ensure the successful delivery of the project?,,Meet with stakeholders to communicate the schedule budget and cost impact in the event of a project delay.,Identify the project’s risks and the necessary success criteria.
98,"98. A project team that is experienced in the waterfall project management approach has been assigned to their first agile project. To make the transition easier, it has been decided to keep some elements of the waterfall approach in place. During the iteration review, it was realized that a misunderstanding among the development team has led to a duplication of efforts. How might the project manager address this issue?",,Bring up the topic during the upcoming iteration retrospective,"Regularly scheduled retrospectives can be used on any project, predictive, agile, hybrid. Retrospectives provide the project team an opportunity to learn from its previous work, investigate issues, and improve and adapt their processes."
99,"99. One of your project team members doesn’t finish his tasks on time. As a project manager, what should you do next?",,Conduct one-on-one meeting the team member,The first step is to Conduct One-on-One Meeting with the team member to understand why he leaves the site early and why he does not finish his tasks on time.
100,"100. Midway through project execution, several stakeholders raised concerns about team performance and delivery. The project manager believes the project is progressing as per the approved scope, budget, and schedule. What should the project manager do next?",,Consult the communications management plan to manage stakeholder’s expectations.,"The stakeholders raise concerns about team performance and the project manager believes the project is progressing as per the approved scope, budget, and schedule. So the project manager should consult the communications management plan to manage stakeholders’ expectations."
101,"101. A project manager is assigned to an agile software development project for a large banking corporation. With the project just getting underway, the project manager has learned about new hacking tactics that present a potential threat to regulatory compliance for the project. What should the project manager do next?",,Analyze the consequences of non-compliance,"Agile practitioners often view compliance as unnecessary overhead that does not deliver value to the customer. Therefore, the project manager may consider 'minimizing' resources (time, money, team members) allocated for compliance. However, to understand the appropriate amount of resources to invest in compliance activities, the project manager should first analyze the consequences of non compliance."
102,"102. You have just been assigned to an upcoming agile project. As part of pre-project work, you review all of the organization’s policies and procedures regarding compliance. You realize that only some of them may be applicable to your project. What should you do first?",,Ensure compliance activities are included in the project schedule baseline,"The scenario describes a situation where only some compliance-related policies and procedures for an agile project will be applicable. One of the principles outlined in the Agile Manifesto states, ""Simplicity - the art of maximizing the amount of work not done - is essential."" Compliance activities represent overhead, which does not directly provide value. In keeping with an agile mindset, the project manager should minimize the overhead and only include those compliance activities that are necessary. Classifying the compliance categories is one of the tasks associated with the Business Environment domain of the Project Management Professional (PMP) Examination Content Outline. Classifying the compliance categories that have been captured in the organization's policies and procedures may be helpful in differentiating those that require the expenditure of resources and those that do not. For example, the organization may have specific guidelines for complying with union rules and activities. However, if the project underway will not have union involvement, then that entire compliance category can be disregarded."
103,"103. Based on the management’s expectations, they want to ensure that the deliverable of the first iteration helps the marketing team present the product prototype to potential customers. As a project manager, what should you do?",,Identify the minimum functionality required for the product.,The project manager should identify the minimum functionality required for the product. it’s tempting for founders to add “just one more feature” to the MVP. You should focus on delivering a minimum set of valuable features to satisfy early adopters. You should put everything else on the backlog for the time being. Option (Split the backlog into phases) not correct agile projects use iterations not phases like traditional projects. Option (Ask the sponsor to prioritize some functionalities) not correct because the product owner is responsible for prioritization. Option (increase the details of the work breakdown structure) not correct because the prototype does not need to details. Also WBS used in traditional projects.
104,"104. During a retrospective meeting, a project manager hears that hears that stakeholders have been constantly complaining at iteration demos about product feature not being delivered as requested. What advice should the project manger give to the product owner to ensure that product features are always delivered as requested?",,Validate acceptance criteria with stakeholders prior to backlog refinement.,Validate acceptance criteria with stakeholders prior to backlog refinement.
105,"105. A company is using a predictive approach for the development of a particular component as defined in the scope management plan. Due to regularly changing regulatory requirements, the development team has requested to utilize agile approaches. What should the project manager do about the development team’s request”?",,Analyze the requirements that will need to be addressed under the requested method,Analyze the requirements that will need to be addressed under the requested method.
106,"106. A new project manager observes that the project deadline is likely to be missed because there have some delays on the project due to a lack of resources. As a project manager, what should you do next?",,Review the risk management plan to identify the response strategy,"As mentioned in the question (New project manager) SO the first step, the project manager should Organize a team meeting to discuss the next course of action."
107,"107. You are a project manager for an important project. Due to a technical issue with the sub-supplier, there is a potential delay in delivery. To stay on schedule, the vendor proposed replacing the sub-supplier’s component with a similar part that is different from the one that is stipulated in the project specifications. As a project manager, what should you do next?",,Consult with a subject matter expert ( SME ) to see if the proposed change is acceptable,"As mentioned in the question ( What should you do next ) The project manager should Consult with a subject matter expert (SME) to see if the proposed change is acceptable or not then he can take the Right decision. If the proposed change is not acceptable, so the project manager should instruct the vendor to use the part that is compliant with the project specifications."
108,"108. The project team follows a hybrid framework for its delivery. During the execution of a project, the team learns of a new compliance requirement that has to be delivered before any other requirements. How should the project manager address this situation?",,Collaborate with the compliance team member to review and prioritize the requirements delivery.,Collaborate with the compliance team member to review and prioritize the requirements delivery.
109,109. You are managing a project which will provide e-learning solutions to your customer. The requirements of this project are not clearly defined in the beginning and there will be modifications based on customer feedback as the project evolves. You plan as much as you can and work based on that. You continue the planning as you learn more about the project. Which techniques will be most helpful to define activities on the project?,,Rolling wave planning,"Rolling wave planning is a form of progressive elaboration where work to be accomplished in the near term is planned in detail and future work is planned at a higher level of the WBS. Therefore, work can exist at various levels of detail, depending on where it is in the project life cycle. As more information is known about upcoming events, the near-term higher-level work packages can be decomposed further."
110,"110. You are a project manager in a software development project. The developers and the quality control team have a poor relationship, so the developers are resisting the tests. The product cannot be delivered until it has been tested and passed by quality control. As a project manager, what should you do?",,Immediately meet with the developers and quality control team to ensure that the quality standards are met.,"The project manager should be proactive and manage the conflict between the quality control department and the developers. so, the project manager should meet with the developers and quality control team to ensure that the quality standards are met."
111,"111. A customer has already signed off on a given deliverable. During later inspections, the project manager is informed that the deliverable does not conform to the local government’s regulations and that it was built this way due to an informal request from the customer. The customer denies this. What should be used to determine why the deliverable wasn’t compliant with government regulations?",,Fishbone diagram.,"As mentioned in the question (why the deliverable wasn’t compliant with government regulations) fishbone diagrams, why-why diagrams, or Ishikawa diagrams helping to identify the main or root cause of the problem."
112,"112. You are a project manager working in a multinational company. You have just been assigned to initiate a project in a new country where your company has no presence. To develop an appropriate implementation strategy, what should be considered first?",,Evaluate the environmental and regulatory factors and identify high-level risks and assumptions.,As mentioned in the question (a new country - no presence). When you are assigned to start a project in a new country. You must take into consideration the environmental and regulatory factors and identify high-level risks and assumptions to develop an appropriate implementation strategy.
113,"113. You are a project manager for a project. One of the subject matter expert (SME) that working in your project identifies an occurrence and ask you to include it in the lessons learned register. As a project manager, what should you do?",,Assign the documenting task to project team members.,The project manager should assign the documenting task to project team members.
114,114. The marketing team is transferring to using hybrid approaches for their projects. The marketing director is not knowledgeable about hybrid methodologies. And the project manager needs the director’s support as the marketing director is a key stakeholder. What should the project manager do to obtain the support?,,Mentor the marketing director on hybrid approaches.,The project manager should mentor the marketing director on hybrid approaches as the marketing director is a key stakeholder and should be managed closely.
115,115. An organization wants to transfer from a predictive to an agile approach. What strategy will help the organization with this change?,,Improve organizational readiness by addressing impediments and agile in the organization.,Improve organizational readiness by addressing impediments and agile in the organization.
116,116. Lucy is a project manager tasked with managing an infrastructure project that will consolidate five data centers into one. She pulls together a core set of experts who have worked on similar projects to discuss how scope should be managed. What tool or technique is Lucy using?,,Expert judgment,Lucy is carrying out the Plan Scope Management process and is using the expert judgment technique to help produce the scope management plan.
117,117. As Per the Burn down graph shown below the dotted burndown line is the plan. What should the team see at day 3?,,They are at risk for that delivery,"The graph shows an example of a burndown chart where the team planned to deliver 37 story points. Story points rate the relative work, risk, and complexity of a requirement or story. Many agile teams use story points to estimate effort. The dotted burndown line is the plan. The team can see by Day 3 that they are at risk for that delivery. [Practice Guide, 1st edition, page 62"
118,"118. Which of the following shows quality management issues escalated by the team, as well as recommendations for process, project, and product improvements?",,Quality reports,"Quality reports, an output of the Manage Quality process, typically include quality management issues escalated; recommendations for process, project, and product improvements; corrective actions recommendations; and summary of quality control findings."
119,119. The project manager has just determined that three functional managers with a high interest in the project hold a particularly high degree of influence in the allocation of enterprise resources. Where is the project manager likely to document this information?,,Stakeholder analysis,"The project manager is in the process of carrying out the Identify Stakeholders process. The stakeholder register, the primary output, captures the list of stakeholders and documents information about them, including any assessment information."
120,120. Which of the following represents characteristics of the Planning process group?,,Stakeholder influence is high.,"During the Planning phase of the project life cycle, stakeholder influence tends to be high, although it is highest during Initiating; costs, staffing, and chances for successful project completion tend to be low during Planning."
121,"121. You’re a project manager for Music On Demand, and you’re in the Monitor Risks process. Your project, when completed, will provide a way for owners of smartphones to purchase music on demand from the recording company you work for and download it directly to their devices. You are monitoring the risks on the project and have analyzed elements such as the risk audits, preventive actions, and corrective actions. This information might be reported in which of the following outputs of this process?",,Work performance reports,"Work performance information includes information regarding the status of risks (in the case of the Monitor Risks process), the status of change requests, and more. Work performance data and work performance reports are both inputs to this process."
122,"122. A project manager meets with a key set of experts within her project team. They express concerns over a recent scope change that was submitted by the customer, since the project is deep into the execution stages of the project life cycle. Which of the following is a valid technique that can aid the project manager in addressing the team’s concerns?",,Change control tools,"Data analysis is a tool and technique used within the Perform Integrated Change Control process, where change requests are evaluated by the change control board. As part of performing data analysis, alternatives are considered, and a cost-benefit analysis is performed to determine whether the changes proposed are worth the associated costs."
123,123. Several processes in the Monitoring and Controlling process group involve change requests. Which of the following is not true?,,Approved change requests are an input to the Control Procurements and Control Quality processes.,Approved change requests are an output of the Perform Integrated Change Control process but not of the Monitor Risks process.
124,"124. One of your project’s deliverables requires skills in business analysis. You have three resources working on the activities that need to be completed for this deliverable. Jim and John are making more in salary than Mary is. Jim tends to spend a large majority of his time on social networking sites, John is motivated by accomplishment and capability,and Mary is looking for a sense of belonging as part of the team. Which of the following statements is true?",,The Expectancy Theory says that salary isn’t a motivator regardless of pay discrepancies.,The question describes two different levels of Maslow’s Hierarchy of Needs: social needs and self-esteem needs.
125,125. A project manager has facilitated the decomposition of work packages into activities. She next carries the team through several exercises to sequence the activities and determine what and how many resources will be needed to perform the work. What is she likely to do next?,,Break down the activities into deliverables,"The project manager has performed the Define Activities, Sequence Activities, and Estimate Activity Resources processes. Next, she is likely to perform the Estimate Activity Durations process to determine how long each activity will take."
126,126. Each of the following is an example of an information management system except for which one?,,Voicemail,Information management systems are ways of distributing project information to the team. Electronic files are a method to store files and are not a distribution method.
127,127. You are in the Planning stage of the project and have just begun to generate the cost baseline. In what activity are you engaged as a project manager?,,Performing the Estimate Costs process,You are performing the Determine Budget process. The purpose of this process is to aggregate the estimated costs of individual activities or work packages to establish an authorized cost baseline.
128,"128. A product owner is working on a new product that is intended to hit the Australian market in six months, just in time for the start of the holiday season. She plans for just enough features to get the product to market. The intent is to attract early adopters and gain feedback for a larger release in China the following year. The release in Australia can best be described as:",,The minimum viable product,"The minimum viable product reflects the minimum number of features intended to roll out a product to a limited number of customers. In some cases, the MVP is a prototype that can yield feedback that will be incorporated into the finished product."
129,"129. The project manager is in the process of bringing the relevant parties together, along with a neutral party, to discuss a contested change to a procurement agreement. Which of the following is a valid tool or technique to assist the project manager in performing this activity?",,Audit,"Claims administration is a tool and technique of the Control Procurements process. This involves documenting, monitoring, and managing contested changes to the contract. Specifically, the project manager in this scenario is using arbitration, which involves bringing all parties to the table with a third, disinterested party who is not a participant in the contract to try to reach an agreement."
130,"130. While performing activities associated with controlling project and product scope, a project manager uncovers scope creep. What is the project manager likely to do next to take corrective action?",,Submit a change request and analyze the impact,"The project manager will need to analyze the impact of the scope change and what options exist, such as whether to undo what has been completed, or analyze whether the scope change should be approved. This should occur through the formal change control process via a change request."
131,131. Which of the following are types of project metrics that may be appropriate for a given project? (Choose two.),,Percentage of work completed | Defects,Example metrics might include:• Percentage of work completed• Quality and technical performance metrics• Start and finish of scheduled activities• Change requests• Defects• Actual costs and durations
132,"132. You are a project manager for Rhone Valley Importers. Your buyer has found a new product that she’s convinced will sell well in this country. Taking on this new product introduces considerable opportunity for the company but at the same time is also a considerable threat. The cost of this product exceeds anything your company has imported before, and if it doesn’t sell as well as the buyer thinks it will, the company could go into bankruptcy. You determine that a feasibility study is in order. Which of the following statements is not true?",,"A feasibility study should be conducted to determine the potential market, costs, risks, and other factors.",The project charter identifies the purpose of the project and the project or product description. It includes a summary budget and summary milestone schedule. A detailed project schedule is not part of the project charter.
133,133. Aseel is a risk manager working for a top healthcare company. She was recently brought in to support a project that has been plagued with a multitude of issues. The project sponsor informs her that the issues were a result of not implementing documented risk response plans. Aseel clarifies to the sponsor that this is not the root cause of the issues at hand but is instead caused by the most common problem with project risk management. What problem is Aseel referring to?,,"Risk triggers are not clearly documented in the risk register, causing the response plans to be ineffective.","According to the PMBOK® Guide, project teams spend effort in identifying and analyzing risks and developing risk responses but then take no action in managing the risk."
134,134. Lucy is a project manager tasked with managing an infrastructure project that will consolidate five data centers into one. Lucy is in the process of determining whether communications-related artifacts and activities that she had planned earlier had the intended effect. She also recently launched a customer satisfaction survey to get feedback on how stakeholders feel things are progressing thus far within the project. What project management process is she performing?,,Monitor Communications,The question describes the Monitor Communications process. This process involves ensuring the information needs of the project and its stakeholders are met; the project manager determines whether the communications planned are achieving the desired results.
135,"135. An Agile project team builds their schedule by pulling features from the backlog reflected on a task board as capacity to take on work becomes available. In some cases, a feature may take two weeks to complete, while in others, it takes more. What type of delivery method does this describe?",,Flow-based Agile,"A team using a flow-based agile approach, such as Kanban, focuses on developing prioritized features from the backlog. As capacity opens, the team pulls the next feature from the backlog and shifts it to the next column of the task board. They work on the feature until it is complete and then move on to the next one."
136,"136. Aseel is a developer who is interested in moving toward a career in project management. She takes on a small project that will implement a new security feature to protect her company’s internal network. To date, she has baselined the project’s scope, schedule, and budget, and she is now actively helping to resolve issues as they arise. What process is she currently performing?",,Plan Resource Management,"Aseel is currently performing the Manage Team process. This process is concerned with tracking team member performance, providing feedback, resolving issues, and managing team changes to optimize project performance."
137,137. The project management plan might require changes and updates as the Planning processes proceed. These updates are decided upon and managed through which of the following?,,Perform Integrated Change Control process,The changes to the project management plan (and subsidiary plans within it) are dispositioned and managed through the Perform Integrated Change Control process.
138,138. All of the following are true regarding project life cycles except for which one?,,"Toward the end of the project, stakeholders have the greatest chance of influencing a project.","Stakeholders have the greatest chance of influence over the project and the characteristics of the product, service, or results of the project in the early phases of the project, not the end. All other statements are true."
139,"139. A project manager has just facilitated the project change control process, which yielded 10 approved change requests. What process is he likely to perform next?",,Direct and Manage Project Work,The project manager and team are likely to execute the work associated with the approved change requests. These approved change requests are implemented through the Direct and Manage Project Work process.
140,"140. Mido and Aseel are two executives of Widgets for Life, a company providing the latest cool lifestyle gadgets. They have recently selected the next big project and have assigned you as the project manager. This activity is associated with what process group?",,Initiating,"The scenario describes the early stages of a project, which has just been selected and a project manager assigned. This occurs in the Initiating process group."
141,141. Your project sponsor has asked you for a forecast of the likely cost to complete the work of the project. Which of the following statements is true?,,"You’ll use the EAC calculation, which is part of the EVM tool and technique of the Control Costs process.","This is the estimate to complete (ETC) calculation, which will estimate the remaining work of the project. The ETC calculation is part of the forecasting tool and technique of the Control Costs process."
142,"142. As uncertainty and complexity increase in projects, so does which of the following?",,The likelihood of change,"As uncertainty in projects increases, the likelihood of change also increases. Depending on the project management approach used, wasted work and the need for rework may also increase."
143,143. Which of the following types of contract should a project manager choose when using a hybrid approach to manage the project?,,Dynamic scope,"A master service agreement allows the project manager and procurement team to create a multitiered structure when formalizing a contracting relationship. This is especially useful for hybrid project approaches, where some items will be fixed (i.e., warranties) and others will be more dynamic."
144,144. Who is responsible for determining which processes within each process group are appropriate for the project?,,The project manager and project sponsor,"The project manager and project team together are responsible for determining how best to tailor the project management processes, based on the needs of the project."
145,145. An assumption can best be described as which of the following?,,"An uncertain event or condition that, if it occurs, has a positive or negative effect on one or more of the project’s objectives","According to the PMBOK® Guide, assumptions are factors in the planning process considered to be true, real, or certain, without proof or demonstration. They are factors expected to be in place or to be in evidence."
146,146. Aseel is a senior project manager for a fitness company that is developing a new franchise model. She has just led the team through various workshops to capture requirements. What activity is she likely to perform next?,,Develop the work breakdown structure,Aseel has just carried out the Collect Requirements process and is likely to carry out the Define Scope process next.
147,"147. You work for Star Bank as a project manager. Your project is so large and risky that you’re not certain the organization should undertake it. You propose conducting a feasibility study, as its own project, to examine the benefits of the new proposed project. The feasibility study is approved and begun. Which of the following statements is not true regarding this project?",,The Initiating processes acknowledge that the next project phase should begin. The stakeholders have the most influence over the product or service of the project during this process.,"The Initiating processes are characterized by low costs, low staffing levels, decreased chances for a successful completion, high risk, and the greatest amount of stakeholder influence concerning the characteristics of the product or service of the project. Initiating acknowledges that the project or next phase of the project should begin and authorizes the assignment of resources."
148,"148. According to the PMBOK® Guide, all of the following mean the same as contract except which one?",,Purchase order,"Purchase order, memorandum of understanding, and agreement are all terms used for a contract according to the PMBOK® Guide. A procurement order is different."
149,149. Raw observations and measurements identified while carrying out activities associated with the project work describe what?,,Work performance analysis,"According to the PMBOK® Guide, work performance data refers to the raw observations and measurements identified during activities being performed to carry out the project work. This occurs as a result of processes belonging to the Executing process group."
150,"150. You work for Sergio’s, a golf equipment manufacturer. Your organization is installing some new manufacturing equipment, and you are managing the project. Some risk events have come to fruition on the project, and as a result, change requests have been submitted. You are in the Monitor Risks process and know that all of the following are true regarding this question except for which one?",,Change requests will not take the form of preventive actions because you are in the Monitoring and Controlling process group and too far into the work of the project.,Change requests may take the form of preventive or corrective actions or workarounds. It’s not too late to take preventive action in the Monitoring and Controlling process group.
151,151. The project manager has just determined that three functional managers with a high interest in the project hold a particularly high degree of influence in the allocation of enterprise resources. In what activity is the project manager involved?,,Identifying stakeholders,"The project manager is in the process of carrying out stakeholder analysis and is evaluating the level of interest and influence of stakeholders. In this scenario, the project manager is carrying out the Identify Stakeholders process."
152,"152. Aseel is a principal project manager of You’ve Got Dogs, a specialty company that creates custom dog apparel and toys. She has just concluded the Design phase and is scheduled to perform a phase review with the steering committee facilitated by the company’s PMO. Phase reviews are also called by what other name?",,PMO review,"According to the PMBOK® Guide, phase reviews are also called phase gates, phase entrances, phase exits, stage gates, and kill points. Phase reviews typically serve as checkpoints at the end of a phase where performance or progress is evaluated against the project charter or plan. Once completed, the project progresses to the next phase."
153,153. The project team recently participated in a working session to examine and document the effectiveness of risk responses in dealing with overall project risk. What project management process are they performing?,,Monitor Risks,"The purpose of the Monitor Risks process is to monitor risk response plans, track identified risks, identify and analyze new risks, and evaluate the effectiveness of the risk processes. As part of carrying out this process, risk review meetings may be held to examine and document the effectiveness of risk responses in dealing with overall project risks and individual project risks."
154,154. The difference between project deliverables and project requirements is best described in which of the following options?,,Deliverables are specific items that must be produced for the project or project phase to be considered complete; requirements are the specifications of the deliverables used to tell you whether the deliverables were produced successfully.,"Deliverables are measurable outcomes, measurable results, or specific items that must be produced before the project or project phase is considered complete. Requirements are the specifications of the deliverables and tell you how you know the deliverables were completed successfully."
155,155. Which interpersonal and team skills can a project manager use to manage the project team? (Select three.),,Conflict management | Emotional intelligence | Influencing,"Conflict management, decision-making, emotional intelligence, influencing, and leadership are all examples of interpersonal and team skills that a project manager should use to manage a team."
156,156. Two stakeholders are out of town on a business trip and are available sporadically. A third person has an extremely busy schedule and can't squeeze another lengthy meeting into his day. You believe it's important to have regular face-to-face interaction with each stakeholder. How can you accommodate their needs? (Choose two.),,Use video conferencing. | Hold a brief summarization meeting.,As per scenario given Project manager can accommodate this by using the following :Use video conferencing.Hold a brief summarization meeting.
157,157. Which feature should the team prioritize First?,,B,"Feature A High value and Low Effort. The initiatives that deliver the highest value and require the least effort will represent the top-priority items to add to your Product Backlog.Feature A = 6/2 = 3Feature B =10/4 = 2.5Feature C = 4/4= 1Feature D = 8/8= 1So, we will choose feature that has high value and low effort."
158,"158. During a project’s third iteration, two of the existing team members were replaced As the project entered the next iteration, the team velocity dropped and the performance started to slip.What should the project manager do?",,Guide the team to revert back to the forming and storming stages,Whenever any team member leaves or new team members join we go back to forming so the PM should Guide the team to revert back to the forming and storming stages.
159,"159. A project manager has been asked to calculate the payback period for her project. The project’s investment is $500,000, with expected cash inflow of $50,000 for the first two quarters and $100,000 for every quarter thereafter. What is the payback period?",,18 months,"The project will recoup its investment by month 18. To calculate, simply total the cash inflow for every quarter as indicated; payback is reached when you hit the amount of total investment."
160,"160. You are a project manager for SubZero Delights, a company that offers extraordinary experiences to travelers. You have been working hard at developing your own personal leadership skills and have recruited a mentor to help you. During a mentoring session, you ask your mentor to talk about the characteristics that good leaders exhibit. Whatcharacteristics are they likely to call out? (Select three.)",,Leaders impart vision. | Leaders are concerned with strategic plans. | Leaders are concerned with satisfying stakeholder needs.,"Good leaders use referent power, which is inferred to them by their subordinates.They are visionaries and are concerned with the big picture, or strategic direction and plans."
161,"161. You have a very energetic project team. They are motivated by results, have good conflictresolution skills, and are highly committed to the project, among other things. They have a solid understanding of the project goals and objectives and understand the direction the project is headed in. Which of the following does this describe?",,The characteristics of an effective team,This question describes the characteristics of an effective team.
162,162. Which of the following are part of an effective team charter? (Choose two.),,Shared values | Project objectives,"A team charter is defined as a document that records the team values, agreements,and operating guidelines as well as establishing clear expectations regarding acceptable behavior by project team members.Having a working agreement for the team that articulates what the team values, how the team works together, and how they make decisions enables the team to have ground rules and aid in collegial conflict resolution."
163,163. Mido is the project manager of a project that has been described as revolutionizing the mobile fitness tracking industry. He prepares for a meeting with the project’s sponsor to discuss the performance of their largest vendor. What information will Mido need to reference to provide this information?,,Data analysis,"The procurement documentation contains a variety of useful information relating to the agreement signed with a vendor, including the statement of work, payment information, performance information, and any other correspondence with the vendor. While the project management plan and agreement are two other key inputs, they alone do not provide sufficient information for the meeting with Mido . This type of discussion and analysis occurs as part of performing the Control Procurements process, and procurement documentation is a key input of the process."
164,"164. Mido is the VP of customer operations for Galactic Kidz and the project sponsor of the latest project, called Project G. He sits down with Sally, the project manager, to discuss resource utilization on the project. He expresses concern after recently hearing in the hallway that planned resources have been unavailable. Sally admits that this has been the case and that it has set the project back unexpectedly. What did Sally fail to do in this scenario?",,Keep the sponsor informed,"Sally failed to keep Mido, as the project sponsor, informed and up to date. The scenario notes that he heard of the resource gaps and had to approach Sally to get clarification."
165,165. The elements of communication are incorporated within the models of communication exchange. They are best explained as which of the following?,,"The elements of communication include senders, receivers, and messages and the communication model includes verbal and written.","The elements of communication involve senders, receivers, and messages. The communication model, a tool and technique of the Manage Communications process, includes encoding, decoding, acknowledging, and feedback/response. Verbal and written are forms of communication."
166,"166. The project manager has just determined that three functional managers with a high interest in the project hold a particularly high degree of influence in the allocation of enterprise resources. Armed with this new information, she updates her salience model and considers how it impacts the project. In what activity is the project manager engaged?",,Stakeholder analysis,"The project manager is in the process of carrying out the Identify Stakeholders process. As part of this process, stakeholder analysis is performed. Stakeholder analysis and identification should occur regularly throughout the project’s life cycle."
167,"167. You are a project manager working on a project involving a new scientific discovery in conjunction with your local university. Because of some changes that were approved during the Monitoring and Controlling processes, you discover that the descriptions of the deliverables that make up the final product of the project are no longer accurate or complete. Which of the following will you use to track the changes to the deliverables and ensure their descriptions are accurate and complete, and what process is this associated with?",,Scope change control system in Control Scope,"The configuration management system, used in the Perform Integrated Change Control process, documents the physical characteristics of the product of the project and ensures that the description is accurate and complete."
168,"168. You have received proposals in response to your recent RFP. The following types of information were used by your evaluation team to rate the vendors: availability, experience, and training. Experience was given the most weight, 5. Availability was assigned a weight of 3, and training was assigned a weight of 2. Vendor A scored the following: availability as 4, experience as 2, and training as 2. Vendor B scored the following: availability as 3, experience as 4, and training as 4. Which vendor won the bid, and what was the final score?",,"Vendor B, final score 37","This is describing a weighting system technique. Vendor B had a final score of 37, and vendor A had a final score of 26. For each vendor, multiply each score by its weight, and add the results to obtain that vendor’s final score."
169,169. A project manager is preparing to obtain the resources needed to perform the work of the project. What project document is the project manager likely to reference as a guide to both acquiring and managing the project resources?,,Resource management plan,"While the project management plan is technically a correct answer, the question specifically refers to the resource management plan (a component of the project management plan)."
170,"170. Which process is concerned with effectively engaging stakeholders, understanding their needs and interests, understanding the good and bad things they bring to the project, and understanding how the project will affect them?",,Manage Stakeholder Engagement,"Plan Stakeholder Engagement is concerned with effectively engaging stakeholders, understanding their needs and interests, understanding the good and bad things they bring to the project, and understanding how the project will affect them."
